<?xml version="1.0" encoding="Windows-1252"?>
<vdeMap>
  <vehicle>
    <model>Decode_Map BusArch=4, CANDBVersion=R32d, FTCPVersion=1.4.8</model>
  </vehicle>  
   <vdGroup>
    <name>AJARSTATUS</name>
    <msgID>27818</msgID>
    <minInterval>0</minInterval>
    <vde>
      <name>AJARSTATUS</name>
      <startBitOffset>31</startBitOffset>
      <bitSize>1</bitSize>
      <resolution>1.0</resolution>
      <valueOffset>0</valueOffset>
      <minValue>0</minValue>
      <maxValue>1</maxValue>
      <units>SED</units>
      <decodeValues>
        <value>
          <num>0x00</num>
          <mnemonic>Closed</mnemonic>
        </value>
        <value>
          <num>0x01</num>
          <mnemonic>Ajar</mnemonic>
        </value>
      </decodeValues>
    </vde>
  </vdGroup>  
  <vdGroup>
    <name>ALARMSTATUS</name>
    <msgID>95</msgID>
    <minInterval>0</minInterval>
    <vde>
      <name>ALARMSTATUS</name>
      <startBitOffset>24</startBitOffset>
      <bitSize>8</bitSize>
      <resolution>1.0</resolution>
      <valueOffset>0</valueOffset>
      <minValue>0</minValue>
      <maxValue>255</maxValue>
      <units>CompoundSignal</units>
      <ConstituentSignals>
        <signalName>ALARMSTATUS.TRIGGER_CAUSE</signalName>
        <signalName>ALARMSTATUS.SENSOR_FAULT_FLAGS</signalName>
      </ConstituentSignals>
      <decodeValueAs>bit</decodeValueAs>
    </vde>
  </vdGroup>
  <vdGroup>
    <name>ALARMSTATUS.SENSOR_FAULT_FLAGS</name>
    <msgID>96</msgID>
    <minInterval>0</minInterval>
    <vde>
      <name>ALARMSTATUS.SENSOR_FAULT_FLAGS</name>
      <startBitOffset>24</startBitOffset>
      <bitSize>4</bitSize>
      <resolution>1.0</resolution>
      <valueOffset>0</valueOffset>
      <minValue>0</minValue>
      <maxValue>15</maxValue>
      <decodeValueAs>bit</decodeValueAs>
      <units>SED</units>
      <decodeValues>
        <value>
          <!--0b00000001-->
          <num>0x00000001</num>
          <mnemonic>HeartbeatSensorFault,True</mnemonic>
        </value>
        <value>
          <!--0b11111110 (= ~0b00000001)-->
          <num>0xfffffffe</num>
          <mnemonic>HeartbeatSensorFault,False</mnemonic>
        </value>
        <value>
          <!--0b00000010-->
          <num>0x00000002</num>
          <mnemonic>VolumetricSensorFault,True</mnemonic>
        </value>
        <value>
          <!--0b11111101 (=~0b00000010)-->
          <num>0xfffffffd</num>
          <mnemonic>VolumetricSensorFault,False</mnemonic>
        </value>
        <value>
          <!--0b00000100-->
          <num>0x00000004</num>
          <mnemonic>InclinationSensorFault,True</mnemonic>
        </value>
        <value>
          <!--0b11111011 (=~0b00000100)-->
          <num>0xfffffffb</num>
          <mnemonic>InclinationSensorFault,False</mnemonic>
        </value>
        <value>
          <!--0b00001000-->
          <num>0x00000008</num>
          <mnemonic>SirenFault,True</mnemonic>
        </value>
        <value>
          <!--0b11110111 (=~0b00001000)-->
          <num>0xfffffff7</num>
          <mnemonic>SirenFault,False</mnemonic>
        </value>
      </decodeValues>
    </vde>
  </vdGroup>
  <vdGroup>
    <name>ALARMSTATUS.TRIGGER_CAUSE</name>
    <msgID>96</msgID>
    <minInterval>0</minInterval>
    <vde>
      <name>ALARMSTATUS.TRIGGER_CAUSE</name>
      <startBitOffset>28</startBitOffset>
      <bitSize>4</bitSize>
      <resolution>1.0</resolution>
      <valueOffset>0</valueOffset>
      <minValue>0</minValue>
      <maxValue>15</maxValue>
      <units>SED</units>
      <decodeValues>
        <value>
          <num>0x00</num>
          <mnemonic>No_Trigger</mnemonic>
        </value>
        <value>
          <num>0x01</num>
          <mnemonic>Vehicle_Power</mnemonic>
        </value>
        <value>
          <num>0x02</num>
          <mnemonic>Inclination_sensor</mnemonic>
        </value>
        <value>
          <num>0x03</num>
          <mnemonic>Volumetric_sensor</mnemonic>
        </value>
        <value>
          <num>0x04</num>
          <mnemonic>Bonnet</mnemonic>
        </value>
        <value>
          <num>0x05</num>
          <mnemonic>Trunk</mnemonic>
        </value>
        <value>
          <num>0x06</num>
          <mnemonic>Driver_Door</mnemonic>
        </value>
        <value>
          <num>0x07</num>
          <mnemonic>Passenger_Door</mnemonic>
        </value>
        <value>
          <num>0x08</num>
          <mnemonic>Left_Rear_Door</mnemonic>
        </value>
        <value>
          <num>0x09</num>
          <mnemonic>Right_Rear_Door</mnemonic>
        </value>
        <value>
          <num>0x0a</num>
          <mnemonic>Siren</mnemonic>
        </value>
        <value>
          <num>0x0b</num>
          <mnemonic>Start_Attempt</mnemonic>
        </value>
        <value>
          <num>0x0c</num>
          <mnemonic>Heartbeat_Sensor</mnemonic>
        </value>
        <value>
          <num>0x0d</num>
          <mnemonic>Radio</mnemonic>
        </value>
        <value>
          <num>0x0e</num>
          <mnemonic>Ignore</mnemonic>
        </value>
        <value>
          <num>0x0f</num>
          <mnemonic>Ignore</mnemonic>
        </value>
      </decodeValues>
    </vde>
  </vdGroup>
  <vdGroup>
    <name>BATTULO_U_ACTL</name>
    <msgID>360</msgID>
    <minInterval>0</minInterval>
    <vde>
      <name>BATTULO_U_ACTL</name>
      <startBitOffset>24</startBitOffset>
      <bitSize>8</bitSize>
      <resolution>0.0625</resolution>
      <valueOffset>0.0</valueOffset>
      <minValue>0.0</minValue>
      <maxValue>15.875</maxValue>
      <units>Volt</units>
      <decodeValues>
        <value>
          <num>255</num>
          <!-- (0xff) -->
          <mnemonic>Fault</mnemonic>
        </value>
      </decodeValues>
    </vde>
  </vdGroup>
  <vdGroup>
    <name>COMPASSDIRECTION</name>
    <msgID>11</msgID>
    <minInterval>0</minInterval>
    <vde>
      <name>COMPASSDIRECTION</name>
      <startBitOffset>28</startBitOffset>
      <bitSize>4</bitSize>
      <resolution>1.0</resolution>
      <valueOffset>0</valueOffset>
      <minValue>0</minValue>
      <maxValue>8</maxValue>
      <units>SED</units>
      <decodeValues>
        <value>
          <num>0</num>
          <mnemonic>Unknown</mnemonic>
        </value>
        <value>
          <num>1</num>
          <mnemonic>North</mnemonic>
        </value>
        <value>
          <num>2</num>
          <mnemonic>NorthEast</mnemonic>
        </value>
        <value>
          <num>3</num>
          <mnemonic>East</mnemonic>
        </value>
        <value>
          <num>4</num>
          <mnemonic>SouthEast</mnemonic>
        </value>
        <value>
          <num>5</num>
          <mnemonic>South</mnemonic>
        </value>
        <value>
          <num>6</num>
          <mnemonic>SouthWest</mnemonic>
        </value>
        <value>
          <num>7</num>
          <mnemonic>West</mnemonic>
        </value>
        <value>
          <num>8</num>
          <mnemonic>NorthWest</mnemonic>
        </value>
      </decodeValues>
    </vde>
  </vdGroup>
  <vdGroup>
    <name>COMPASSSATELLITESINSOLUTION</name>
    <msgID>15</msgID>
    <minInterval>0</minInterval>
    <vde>
      <name>COMPASSSATELLITESINSOLUTION</name>
      <startBitOffset>28</startBitOffset>
      <bitSize>4</bitSize>
      <resolution>1.0</resolution>
      <valueOffset>0</valueOffset>
      <minValue>0</minValue>
      <maxValue>15</maxValue>
      <units>count</units>
    </vde>
  </vdGroup>
  <vdGroup>
    <name>DATAGOODTOUSE</name>
    <msgID>23</msgID>
    <minInterval>0</minInterval>
    <vde>
      <name>DATAGOODTOUSE</name>
      <startBitOffset>31</startBitOffset>
      <bitSize>1</bitSize>
      <resolution>1.0</resolution>
      <valueOffset>0</valueOffset>
      <minValue>0</minValue>
      <maxValue>1</maxValue>
      <units>SED</units>
      <decodeValues>
        <value>
          <num>0x00</num>
          <mnemonic>DataUnreliable</mnemonic>
        </value>
        <value>
          <num>0x01</num>
          <mnemonic>DataReliable</mnemonic>
        </value>
      </decodeValues>
    </vde>
  </vdGroup>
  <vdGroup>
    <name>DOORLATCHSTATUS</name>
    <msgID>95</msgID>
    <minInterval>0</minInterval>
    <vde>
      <name>DOORLATCHSTATUS</name>
      <startBitOffset>27</startBitOffset>
      <bitSize>5</bitSize>
      <resolution>1.0</resolution>
      <valueOffset>0</valueOffset>
      <minValue>0</minValue>
      <maxValue>31</maxValue>
      <decodeValueAs>bit</decodeValueAs>
      <units>SED</units>
      <decodeValues>
        <value>
          <!--0b11111110-->
          <num>0xfffffffe</num>
          <mnemonic>DriverDoor,Locked</mnemonic>
        </value>
        <value>
          <!--0b00000001 (= ~0b11111110)-->
          <num>0x00000001</num>
          <mnemonic>DriverDoor,Unlocked</mnemonic>
        </value>
        <value>
          <!--0b11111101-->
          <num>0xfffffffd</num>
          <mnemonic>PassDoor,Locked</mnemonic>
        </value>
        <value>
          <!--0b00000010 (=~0b11111101)-->
          <num>0x00000002</num>
          <mnemonic>PassDoor,Unlocked</mnemonic>
        </value>
        <value>
          <!--0b11111011-->
          <num>0xfffffffb</num>
          <mnemonic>LRDoor,Locked</mnemonic>
        </value>
        <value>
          <!--0b00000100 (=~0b11111011)-->
          <num>0x00000004</num>
          <mnemonic>LRDoor,Unlocked</mnemonic>
        </value>
        <value>
          <!--0b11110111-->
          <num>0xfffffff7</num>
          <mnemonic>RRDoor,Locked</mnemonic>
        </value>
        <value>
          <!--0b00001000 (=~0b11110111)-->
          <num>0x00000008</num>
          <mnemonic>RRDoor,Unlocked</mnemonic>
        </value>
        <value>
          <!--0b11101111-->
          <num>0xffffffef</num>
          <mnemonic>TailgateTrunk,Locked</mnemonic>
        </value>
        <value>
          <!--0b00000000 (=~0b11101111)-->
          <num>0x00000010</num>
          <mnemonic>TailgateTrunk,Unlocked</mnemonic>
        </value>
      </decodeValues>
    </vde>
  </vdGroup>
  <vdGroup>
    <name>ENGOILLIFE_PC_ACTL</name>
    <msgID>1047</msgID>
    <minInterval>0</minInterval>
    <vde>
      <name>ENGOILLIFE_PC_ACTL</name>
      <startBitOffset>25</startBitOffset>
      <bitSize>7</bitSize>
      <resolution>1.0</resolution>
      <valueOffset>0.0</valueOffset>
      <minValue>0.0</minValue>
      <maxValue>100.0</maxValue>
      <units>Percent</units>
    </vde>
  </vdGroup>
  <vdGroup>
    <name>FAULTBITMASK</name>
    <msgID>4</msgID>
    <minInterval>0</minInterval>
    <vde>
      <name>FAULTBITMASK</name>
      <startBitOffset>28</startBitOffset>
      <bitSize>4</bitSize>
      <resolution>1.0</resolution>
      <valueOffset>0</valueOffset>
      <minValue>0</minValue>
      <maxValue>15</maxValue>
      <decodeValueAs>bit</decodeValueAs>
      <!--
        Fault bit mask info:
        Bit 0 = 1 (Wheel-Tick-Fault Active)
        Bit 1 = 1 (Gyro-Fault Active)
        Bit 2 = 1 (Accelerometer-Fault Active)
        Bit 3 = 1 (Antenna-Fault Active)
      -->
      <units>SED</units>
      <decodeValues>
        <value>
          <!--0b00000001-->
          <num>0x00000001</num>
          <mnemonic>Wheel-Tick-Fault,Active</mnemonic>
        </value>
        <value>
          <!--0b11111110 (= ~0b00000001)-->
          <num>0xfffffffe</num>
          <mnemonic>Wheel-Tick-Fault,Inactive</mnemonic>
        </value>
        <value>
          <!--0b00000010-->
          <num>0x00000002</num>
          <mnemonic>Gyro-Fault,Active</mnemonic>
        </value>
        <value>
          <!--0b11111101 (=~0b00000010)-->
          <num>0xfffffffd</num>
          <mnemonic>Gyro-Fault,Inactive</mnemonic>
        </value>
        <value>
          <!--0b00000100-->
          <num>0x00000004</num>
          <mnemonic>Accelerometer-Fault,Active</mnemonic>
        </value>
        <value>
          <!--0b11111011 (=~0b00000100)-->
          <num>0xfffffffb</num>
          <mnemonic>Accelerometer-Fault,Inactive</mnemonic>
        </value>
        <value>
          <!--0b00001000-->
          <num>0x00000008</num>
          <mnemonic>Antenna-Fault,Active</mnemonic>
        </value>
        <value>
          <!--0b11110111 (=~0b00001000)-->
          <num>0xfffffff7</num>
          <mnemonic>Antenna-Fault,Inactive</mnemonic>
        </value>
      </decodeValues>
    </vde>
  </vdGroup>
  <vdGroup>
    <name>FIXTYPE</name>
    <msgID>16</msgID>
    <minInterval>0</minInterval>
    <vde>
      <name>FIXTYPE</name>
      <startBitOffset>29</startBitOffset>
      <bitSize>3</bitSize>
      <resolution>1.0</resolution>
      <valueOffset>0</valueOffset>
      <minValue>0</minValue>
      <maxValue>5</maxValue>
      <units>SED</units>
      <decodeValues>
        <value>
          <num>0</num>
          <mnemonic>Sensors Uncalibrated with no Fix - DR Off</mnemonic>
        </value>
        <value>
          <num>1</num>
          <mnemonic>Sensors Calibrated with no Fix - DR On</mnemonic>
        </value>
        <value>
          <num>2</num>
          <mnemonic>2D Fix</mnemonic>
        </value>
        <value>
          <num>3</num>
          <mnemonic>3D Fix - DR Uncalibrated</mnemonic>
        </value>
        <value>
          <num>4</num>
          <mnemonic>3D Fix DR Blended - DR Calibrated</mnemonic>
        </value>
        <value>
          <num>5</num>
          <mnemonic>3D Fix DR Bleneded w DGPS - DR Calibrated</mnemonic>
        </value>
      </decodeValues>
    </vde>
  </vdGroup>
  <vdGroup>
    <name>FUELFLW_VI_DSPLY</name>
    <msgID>12</msgID>
    <minInterval>0</minInterval>
    <vde>
      <name>FUELFLW_VI_DSPLY</name>
      <startBitOffset>22</startBitOffset>
      <bitSize>10</bitSize>
      <resolution>25.0</resolution>
      <valueOffset>0</valueOffset>
      <minValue>0</minValue>
      <maxValue>25575</maxValue>
      <units>Micro_Liter</units>
    </vde>
  </vdGroup>
  <vdGroup>
    <name>FUELLVL_PC_DSPLY</name>
    <msgID>1228</msgID>
    <minInterval>0</minInterval>
    <vde>
      <name>FUELLVL_PC_DSPLY</name>
      <startBitOffset>22</startBitOffset>
      <bitSize>10</bitSize>
      <resolution>0.108696</resolution>
      <valueOffset>-5.217408</valueOffset>
      <minValue>-5.217408</minValue>
      <maxValue>105.9786</maxValue>
      <units>%</units>
    </vde>
  </vdGroup>
  <vdGroup>
    <name>FUELRANGE_L_DSPLY</name>
    <msgID>1236</msgID>
    <minInterval>0</minInterval>
    <vde>
      <name>FUELRANGE_L_DSPLY</name>
      <startBitOffset>18</startBitOffset>
      <bitSize>14</bitSize>
      <resolution>0.1</resolution>
      <valueOffset>0.0</valueOffset>
      <minValue>0.0</minValue>
      <maxValue>1683.3</maxValue>
      <units>km</units>
    </vde>
  </vdGroup>
  <vdGroup>
    <name>GALILEOSATELLITESINSOLUTION</name>
    <msgID>14</msgID>
    <minInterval>0</minInterval>
    <vde>
      <name>GALILEOSATELLITESINSOLUTION</name>
      <startBitOffset>28</startBitOffset>
      <bitSize>4</bitSize>
      <resolution>1.0</resolution>
      <valueOffset>0</valueOffset>
      <minValue>0</minValue>
      <maxValue>15</maxValue>
      <units>count</units>
    </vde>
  </vdGroup>
  <vdGroup>
    <name>GEARLVRPOS_D_ACTL</name>
    <msgID>1241</msgID>
    <minInterval>0</minInterval>
    <vde>
      <name>GEARLVRPOS_D_ACTL</name>
      <startBitOffset>28</startBitOffset>
      <bitSize>4</bitSize>
      <resolution>1.0</resolution>
      <valueOffset>0.0</valueOffset>
      <minValue>0.0</minValue>
      <maxValue>15.0</maxValue>
      <units>SED</units>
      <decodeValues>
        <value>
          <num>0</num>
          <!-- (0x00) -->
          <mnemonic>Park</mnemonic>
        </value>
        <value>
          <num>1</num>
          <!-- (0x01) -->
          <mnemonic>Reverse</mnemonic>
        </value>
        <value>
          <num>2</num>
          <!-- (0x02) -->
          <mnemonic>Neutral</mnemonic>
        </value>
        <value>
          <num>3</num>
          <!-- (0x03) -->
          <mnemonic>Drive</mnemonic>
        </value>
        <value>
          <num>4</num>
          <!-- (0x04) -->
          <mnemonic>Sport_DriveSport</mnemonic>
        </value>
        <value>
          <num>5</num>
          <!-- (0x05) -->
          <mnemonic>Low</mnemonic>
        </value>
        <value>
          <num>6</num>
          <!-- (0x06) -->
          <mnemonic>first</mnemonic>
        </value>
        <value>
          <num>7</num>
          <!-- (0x07) -->
          <mnemonic>second</mnemonic>
        </value>
        <value>
          <num>8</num>
          <!-- (0x08) -->
          <mnemonic>third</mnemonic>
        </value>
        <value>
          <num>9</num>
          <!-- (0x09) -->
          <mnemonic>fourth</mnemonic>
        </value>
        <value>
          <num>10</num>
          <!-- (0x0a) -->
          <mnemonic>fifth</mnemonic>
        </value>
        <value>
          <num>11</num>
          <!-- (0x0b) -->
          <mnemonic>sixth</mnemonic>
        </value>
        <value>
          <num>12</num>
          <!-- (0x0c) -->
          <mnemonic>Undefined_Treat_as_Fault</mnemonic>
        </value>
        <value>
          <num>13</num>
          <!-- (0x0d) -->
          <mnemonic>Undefined_Treat_as_Fault1</mnemonic>
        </value>
        <value>
          <num>14</num>
          <!-- (0x0e) -->
          <mnemonic>Unknown_Position</mnemonic>
        </value>
        <value>
          <num>15</num>
          <!-- (0x0f) -->
          <mnemonic>Fault</mnemonic>
        </value>
      </decodeValues>
    </vde>
  </vdGroup>
  <vdGroup>
    <name>GLBLCLKDAY_NO_ACTL</name>
    <msgID>1248</msgID>
    <minInterval>0</minInterval>
    <vde>
      <name>GLBLCLKDAY_NO_ACTL</name>
      <startBitOffset>16</startBitOffset>
      <bitSize>16</bitSize>
      <resolution>1.0</resolution>
      <valueOffset>0.0</valueOffset>
      <minValue>0.0</minValue>
      <maxValue>65535.0</maxValue>
      <units>julian day</units>
    </vde>
  </vdGroup>
  <vdGroup>
    <name>GLBLCLKHR_NO_ACTL</name>
    <msgID>1249</msgID>
    <minInterval>0</minInterval>
    <vde>
      <name>GLBLCLKHR_NO_ACTL</name>
      <startBitOffset>24</startBitOffset>
      <bitSize>8</bitSize>
      <resolution>1.0</resolution>
      <valueOffset>0.0</valueOffset>
      <minValue>0.0</minValue>
      <maxValue>255.0</maxValue>
      <units>hour</units>
    </vde>
  </vdGroup>
  <vdGroup>
    <name>GLBLCLKMNTE_NO_ACTL</name>
    <msgID>1250</msgID>
    <minInterval>0</minInterval>
    <vde>
      <name>GLBLCLKMNTE_NO_ACTL</name>
      <startBitOffset>24</startBitOffset>
      <bitSize>8</bitSize>
      <resolution>1.0</resolution>
      <valueOffset>0.0</valueOffset>
      <minValue>0.0</minValue>
      <maxValue>255.0</maxValue>
      <units>minute</units>
    </vde>
  </vdGroup>
  <vdGroup>
    <name>GLBLCLKSCND_NO_ACTL</name>
    <msgID>1251</msgID>
    <minInterval>0</minInterval>
    <vde>
      <name>GLBLCLKSCND_NO_ACTL</name>
      <startBitOffset>24</startBitOffset>
      <bitSize>8</bitSize>
      <resolution>1.0</resolution>
      <valueOffset>0.0</valueOffset>
      <minValue>0.0</minValue>
      <maxValue>255.0</maxValue>
      <units>second</units>
    </vde>
  </vdGroup>
  <vdGroup>
    <name>GLBLCLKYR_NO_ACTL</name>
    <msgID>1252</msgID>
    <minInterval>0</minInterval>
    <vde>
      <name>GLBLCLKYR_NO_ACTL</name>
      <startBitOffset>24</startBitOffset>
      <bitSize>8</bitSize>
      <resolution>1.0</resolution>
      <valueOffset>2000.0</valueOffset>
      <minValue>2000.0</minValue>
      <maxValue>2255.0</maxValue>
      <units>year</units>
    </vde>
  </vdGroup>
  <vdGroup>
    <name>GLONASSSATELLITESINSOLUTION</name>
    <msgID>13</msgID>
    <minInterval>0</minInterval>
    <vde>
      <name>GLONASSSATELLITESINSOLUTION</name>
      <startBitOffset>28</startBitOffset>
      <bitSize>4</bitSize>
      <resolution>1.0</resolution>
      <valueOffset>0</valueOffset>
      <minValue>0</minValue>
      <maxValue>15</maxValue>
      <units>count</units>
    </vde>
  </vdGroup>
  <vdGroup>
    <name>GPS_ACTUAL_VS_INFER_POS</name>
    <msgID>1410</msgID>
    <minInterval>0</minInterval>
    <vde>
      <name>GPS_ACTUAL_VS_INFER_POS</name>
      <startBitOffset>31</startBitOffset>
      <bitSize>1</bitSize>
      <resolution>1.0</resolution>
      <valueOffset>0.0</valueOffset>
      <minValue>0.0</minValue>
      <maxValue>1.0</maxValue>
      <units>SED</units>
      <decodeValues>
        <value>
          <num>0</num>
          <!-- (0x00) -->
          <mnemonic>Actual_Postition</mnemonic>
        </value>
        <value>
          <num>1</num>
          <!-- (0x01) -->
          <mnemonic>Inferred_Position</mnemonic>
        </value>
      </decodeValues>
    </vde>
  </vdGroup>
  <vdGroup>
    <name>GPS_B_FALT</name>
    <msgID>1411</msgID>
    <minInterval>0</minInterval>
    <vde>
      <name>GPS_B_FALT</name>
      <startBitOffset>31</startBitOffset>
      <bitSize>1</bitSize>
      <resolution>1.0</resolution>
      <valueOffset>0.0</valueOffset>
      <minValue>0.0</minValue>
      <maxValue>1.0</maxValue>
      <units>SED</units>
      <decodeValues>
        <value>
          <num>0</num>
          <!-- (0x00) -->
          <mnemonic>No</mnemonic>
        </value>
        <value>
          <num>1</num>
          <!-- (0x01) -->
          <mnemonic>Yes</mnemonic>
        </value>
      </decodeValues>
    </vde>
  </vdGroup>
  <vdGroup>
    <name>GPS_COMPASS_DIRECTION</name>
    <msgID>1412</msgID>
    <minInterval>0</minInterval>
    <vde>
      <name>GPS_COMPASS_DIRECTION</name>
      <startBitOffset>28</startBitOffset>
      <bitSize>4</bitSize>
      <resolution>1.0</resolution>
      <valueOffset>0.0</valueOffset>
      <minValue>0.0</minValue>
      <maxValue>15.0</maxValue>
      <units>SED</units>
      <decodeValues>
        <value>
          <num>0</num>
          <!-- (0x00) -->
          <mnemonic>North</mnemonic>
        </value>
        <value>
          <num>1</num>
          <!-- (0x01) -->
          <mnemonic>North_East</mnemonic>
        </value>
        <value>
          <num>2</num>
          <!-- (0x02) -->
          <mnemonic>East</mnemonic>
        </value>
        <value>
          <num>3</num>
          <!-- (0x03) -->
          <mnemonic>South_East</mnemonic>
        </value>
        <value>
          <num>4</num>
          <!-- (0x04) -->
          <mnemonic>South</mnemonic>
        </value>
        <value>
          <num>5</num>
          <!-- (0x05) -->
          <mnemonic>South_West</mnemonic>
        </value>
        <value>
          <num>6</num>
          <!-- (0x06) -->
          <mnemonic>West</mnemonic>
        </value>
        <value>
          <num>7</num>
          <!-- (0x07) -->
          <mnemonic>North_West</mnemonic>
        </value>
      </decodeValues>
    </vde>
  </vdGroup>
  <vdGroup>
    <name>GPS_DIMENSION</name>
    <msgID>1413</msgID>
    <minInterval>0</minInterval>
    <vde>
      <name>GPS_DIMENSION</name>
      <startBitOffset>29</startBitOffset>
      <bitSize>3</bitSize>
      <resolution>1.0</resolution>
      <valueOffset>0.0</valueOffset>
      <minValue>0.0</minValue>
      <maxValue>2.0</maxValue>
      <units>SED</units>
      <decodeValues>
        <value>
          <num>0</num>
          <!-- (0x00) -->
          <mnemonic>No_Fix</mnemonic>
        </value>
        <value>
          <num>1</num>
          <!-- (0x01) -->
          <mnemonic>_2D</mnemonic>
        </value>
        <value>
          <num>2</num>
          <!-- (0x02) -->
          <mnemonic>_3D</mnemonic>
        </value>
      </decodeValues>
    </vde>
  </vdGroup>
  <vdGroup>
    <name>GPS_HEADING</name>
    <msgID>1415</msgID>
    <minInterval>0</minInterval>
    <vde>
      <name>GPS_HEADING</name>
      <startBitOffset>16</startBitOffset>
      <bitSize>16</bitSize>
      <resolution>0.01</resolution>
      <valueOffset>0.0</valueOffset>
      <minValue>0.0</minValue>
      <maxValue>655.33</maxValue>
      <units>Degrees</units>
      <decodeValues>
        <value>
          <num>65534</num>
          <!-- (0xfffe) -->
          <mnemonic>Unknown</mnemonic>
        </value>
        <value>
          <num>65535</num>
          <!-- (0xffff) -->
          <mnemonic>Invalid</mnemonic>
        </value>
      </decodeValues>
    </vde>
  </vdGroup>
  <vdGroup>
    <name>GPS_LATITUDE_DEGREES</name>
    <msgID>1416</msgID>
    <minInterval>0</minInterval>
    <vde>
      <name>GPS_LATITUDE_DEGREES</name>
      <startBitOffset>24</startBitOffset>
      <bitSize>8</bitSize>
      <resolution>1.0</resolution>
      <valueOffset>-89.0</valueOffset>
      <minValue>-89.0</minValue>
      <maxValue>89.0</maxValue>
      <units>Degrees</units>
      <decodeValues>
        <value>
          <num>254</num>
          <!-- (0xfe) -->
          <mnemonic>Unknown</mnemonic>
        </value>
        <value>
          <num>255</num>
          <!-- (0xff) -->
          <mnemonic>Invalid</mnemonic>
        </value>
      </decodeValues>
    </vde>
  </vdGroup>
  <vdGroup>
    <name>GPS_LATITUDE_MIN_DEC</name>
    <msgID>1417</msgID>
    <minInterval>0</minInterval>
    <vde>
      <name>GPS_LATITUDE_MIN_DEC</name>
      <startBitOffset>18</startBitOffset>
      <bitSize>14</bitSize>
      <resolution>0.0001</resolution>
      <valueOffset>0.0</valueOffset>
      <minValue>0.0</minValue>
      <maxValue>0.9999</maxValue>
      <units>minute</units>
      <decodeValues>
        <value>
          <num>16382</num>
          <!-- (0x3ffe) -->
          <mnemonic>Unknown</mnemonic>
        </value>
        <value>
          <num>16383</num>
          <!-- (0x3fff) -->
          <mnemonic>Invalid</mnemonic>
        </value>
      </decodeValues>
    </vde>
  </vdGroup>
  <vdGroup>
    <name>GPS_LATITUDE_MINUTES</name>
    <msgID>1418</msgID>
    <minInterval>0</minInterval>
    <vde>
      <name>GPS_LATITUDE_MINUTES</name>
      <startBitOffset>26</startBitOffset>
      <bitSize>6</bitSize>
      <resolution>1.0</resolution>
      <valueOffset>0.0</valueOffset>
      <minValue>0.0</minValue>
      <maxValue>59.0</maxValue>
      <units>minute</units>
      <decodeValues>
        <value>
          <num>62</num>
          <!-- (0x3e) -->
          <mnemonic>Unknown</mnemonic>
        </value>
        <value>
          <num>63</num>
          <!-- (0x3f) -->
          <mnemonic>Invalid</mnemonic>
        </value>
      </decodeValues>
    </vde>
  </vdGroup>
  <vdGroup>
    <name>GPS_LONGITUDE_DEGREES</name>
    <msgID>1419</msgID>
    <minInterval>0</minInterval>
    <vde>
      <name>GPS_LONGITUDE_DEGREES</name>
      <startBitOffset>23</startBitOffset>
      <bitSize>9</bitSize>
      <resolution>1.0</resolution>
      <valueOffset>-179.0</valueOffset>
      <minValue>-179.0</minValue>
      <maxValue>179.0</maxValue>
      <units>Degrees</units>
      <decodeValues>
        <value>
          <num>510</num>
          <!-- (0x1fe) -->
          <mnemonic>Unknown</mnemonic>
        </value>
        <value>
          <num>511</num>
          <!-- (0x1ff) -->
          <mnemonic>Invalid</mnemonic>
        </value>
      </decodeValues>
    </vde>
  </vdGroup>
  <vdGroup>
    <name>GPS_LONGITUDE_MIN_DEC</name>
    <msgID>1420</msgID>
    <minInterval>0</minInterval>
    <vde>
      <name>GPS_LONGITUDE_MIN_DEC</name>
      <startBitOffset>18</startBitOffset>
      <bitSize>14</bitSize>
      <resolution>0.0001</resolution>
      <valueOffset>0.0</valueOffset>
      <minValue>0.0</minValue>
      <maxValue>0.9999</maxValue>
      <units>minute</units>
      <decodeValues>
        <value>
          <num>16382</num>
          <!-- (0x3ffe) -->
          <mnemonic>Unknown</mnemonic>
        </value>
        <value>
          <num>16383</num>
          <!-- (0x3fff) -->
          <mnemonic>Invalid</mnemonic>
        </value>
      </decodeValues>
    </vde>
  </vdGroup>
  <vdGroup>
    <name>GPS_LONGITUDE_MINUTES</name>
    <msgID>1421</msgID>
    <minInterval>0</minInterval>
    <vde>
      <name>GPS_LONGITUDE_MINUTES</name>
      <startBitOffset>26</startBitOffset>
      <bitSize>6</bitSize>
      <resolution>1.0</resolution>
      <valueOffset>0.0</valueOffset>
      <minValue>0.0</minValue>
      <maxValue>59.0</maxValue>
      <units>minute</units>
      <decodeValues>
        <value>
          <num>62</num>
          <!-- (0x3e) -->
          <mnemonic>Unknown</mnemonic>
        </value>
        <value>
          <num>63</num>
          <!-- (0x3f) -->
          <mnemonic>Invalid</mnemonic>
        </value>
      </decodeValues>
    </vde>
  </vdGroup>
  <vdGroup>
    <name>GPS_MSL_ALTITUDE</name>
    <msgID>1422</msgID>
    <minInterval>0</minInterval>
    <vde>
      <name>GPS_MSL_ALTITUDE</name>
      <startBitOffset>20</startBitOffset>
      <bitSize>12</bitSize>
      <resolution>10.0</resolution>
      <valueOffset>-20460.0</valueOffset>
      <minValue>-20460.0</minValue>
      <maxValue>20460.0</maxValue>
      <units>feet</units>
      <decodeValues>
        <value>
          <num>4094</num>
          <!-- (0xffe) -->
          <mnemonic>Unknown</mnemonic>
        </value>
        <value>
          <num>4095</num>
          <!-- (0xfff) -->
          <mnemonic>Invalid</mnemonic>
        </value>
      </decodeValues>
    </vde>
  </vdGroup>
  <vdGroup>
    <name>GPS_SPEED</name>
    <msgID>1425</msgID>
    <minInterval>0</minInterval>
    <vde>
      <name>GPS_SPEED</name>
      <startBitOffset>24</startBitOffset>
      <bitSize>8</bitSize>
      <resolution>1.0</resolution>
      <valueOffset>0.0</valueOffset>
      <minValue>0.0</minValue>
      <maxValue>253.0</maxValue>
      <units>MPH</units>
      <decodeValues>
        <value>
          <num>254</num>
          <!-- (0xfe) -->
          <mnemonic>Unknown</mnemonic>
        </value>
        <value>
          <num>255</num>
          <!-- (0xff) -->
          <mnemonic>Invalid</mnemonic>
        </value>
      </decodeValues>
    </vde>
  </vdGroup>
  <vdGroup>
    <name>GPS_UTC_HOURS</name>
    <msgID>1427</msgID>
    <minInterval>0</minInterval>
    <vde>
      <name>GPS_UTC_HOURS</name>
      <startBitOffset>27</startBitOffset>
      <bitSize>5</bitSize>
      <resolution>1.0</resolution>
      <valueOffset>0.0</valueOffset>
      <minValue>0.0</minValue>
      <maxValue>23.0</maxValue>
      <units>hour</units>
      <decodeValues>
        <value>
          <num>30</num>
          <!-- (0x1e) -->
          <mnemonic>Unknown</mnemonic>
        </value>
        <value>
          <num>31</num>
          <!-- (0x1f) -->
          <mnemonic>Invalid</mnemonic>
        </value>
      </decodeValues>
    </vde>
  </vdGroup>
  <vdGroup>
    <name>GPS_UTC_MINUTES</name>
    <msgID>1428</msgID>
    <minInterval>0</minInterval>
    <vde>
      <name>GPS_UTC_MINUTES</name>
      <startBitOffset>26</startBitOffset>
      <bitSize>6</bitSize>
      <resolution>1.0</resolution>
      <valueOffset>0.0</valueOffset>
      <minValue>0.0</minValue>
      <maxValue>59.0</maxValue>
      <units>minute</units>
      <decodeValues>
        <value>
          <num>62</num>
          <!-- (0x3e) -->
          <mnemonic>Unknown</mnemonic>
        </value>
        <value>
          <num>63</num>
          <!-- (0x3f) -->
          <mnemonic>Invalid</mnemonic>
        </value>
      </decodeValues>
    </vde>
  </vdGroup>
  <vdGroup>
    <name>GPS_UTC_SECONDS</name>
    <msgID>1429</msgID>
    <minInterval>0</minInterval>
    <vde>
      <name>GPS_UTC_SECONDS</name>
      <startBitOffset>26</startBitOffset>
      <bitSize>6</bitSize>
      <resolution>1.0</resolution>
      <valueOffset>0.0</valueOffset>
      <minValue>0.0</minValue>
      <maxValue>59.0</maxValue>
      <units>second</units>
      <decodeValues>
        <value>
          <num>62</num>
          <!-- (0x3e) -->
          <mnemonic>Unknown</mnemonic>
        </value>
        <value>
          <num>63</num>
          <!-- (0x3f) -->
          <mnemonic>Invalid</mnemonic>
        </value>
      </decodeValues>
    </vde>
  </vdGroup>
  <vdGroup>
    <name>GPSHSPHLATTSTH_D_ACTL</name>
    <msgID>1433</msgID>
    <minInterval>0</minInterval>
    <vde>
      <name>GPSHSPHLATTSTH_D_ACTL</name>
      <startBitOffset>30</startBitOffset>
      <bitSize>2</bitSize>
      <resolution>1.0</resolution>
      <valueOffset>0.0</valueOffset>
      <minValue>0.0</minValue>
      <maxValue>3.0</maxValue>
      <units>SED</units>
      <decodeValues>
        <value>
          <num>0</num>
          <!-- (0x00) -->
          <mnemonic>Invalid</mnemonic>
        </value>
        <value>
          <num>1</num>
          <!-- (0x01) -->
          <mnemonic>Southern</mnemonic>
        </value>
        <value>
          <num>2</num>
          <!-- (0x02) -->
          <mnemonic>Northern</mnemonic>
        </value>
        <value>
          <num>3</num>
          <!-- (0x03) -->
          <mnemonic>Fault</mnemonic>
        </value>
      </decodeValues>
    </vde>
  </vdGroup>
  <vdGroup>
    <name>GPSHSPHLONGEAST_D_ACTL</name>
    <msgID>1434</msgID>
    <minInterval>0</minInterval>
    <vde>
      <name>GPSHSPHLONGEAST_D_ACTL</name>
      <startBitOffset>30</startBitOffset>
      <bitSize>2</bitSize>
      <resolution>1.0</resolution>
      <valueOffset>0.0</valueOffset>
      <minValue>0.0</minValue>
      <maxValue>3.0</maxValue>
      <units>SED</units>
      <decodeValues>
        <value>
          <num>0</num>
          <!-- (0x00) -->
          <mnemonic>Invalid</mnemonic>
        </value>
        <value>
          <num>1</num>
          <!-- (0x01) -->
          <mnemonic>Eastern</mnemonic>
        </value>
        <value>
          <num>2</num>
          <!-- (0x02) -->
          <mnemonic>Western</mnemonic>
        </value>
        <value>
          <num>3</num>
          <!-- (0x03) -->
          <mnemonic>Fault</mnemonic>
        </value>
      </decodeValues>
    </vde>
  </vdGroup>
  <vdGroup>
    <name>GPSSATELLITESINSOLUTION</name>
    <msgID>12</msgID>
    <minInterval>0</minInterval>
    <vde>
      <name>GPSSATELLITESINSOLUTION</name>
      <startBitOffset>28</startBitOffset>
      <bitSize>4</bitSize>
      <resolution>1.0</resolution>
      <valueOffset>0</valueOffset>
      <minValue>0</minValue>
      <maxValue>15</maxValue>
      <units>count</units>
    </vde>
  </vdGroup>
  <vdGroup>
    <name>GPSUTCDAY_NO_ACTL</name>
    <msgID>1435</msgID>
    <minInterval>0</minInterval>
    <vde>
      <name>GPSUTCDAY_NO_ACTL</name>
      <startBitOffset>27</startBitOffset>
      <bitSize>5</bitSize>
      <resolution>1.0</resolution>
      <valueOffset>1.0</valueOffset>
      <minValue>1.0</minValue>
      <maxValue>32.0</maxValue>
      <units>Day</units>
    </vde>
  </vdGroup>
  <vdGroup>
    <name>GPSUTCMNTH_NO_ACTL</name>
    <msgID>1436</msgID>
    <minInterval>0</minInterval>
    <vde>
      <name>GPSUTCMNTH_NO_ACTL</name>
      <startBitOffset>28</startBitOffset>
      <bitSize>4</bitSize>
      <resolution>1.0</resolution>
      <valueOffset>1.0</valueOffset>
      <minValue>1.0</minValue>
      <maxValue>12.0</maxValue>
      <units>Month</units>
      <decodeValues>
        <value>
          <num>15</num>
          <!-- (0x0f) -->
          <mnemonic>Fault</mnemonic>
        </value>
      </decodeValues>
    </vde>
  </vdGroup>
  <vdGroup>
    <name>GPSUTCYR_NO_ACTL</name>
    <msgID>1437</msgID>
    <minInterval>0</minInterval>
    <vde>
      <name>GPSUTCYR_NO_ACTL</name>
      <startBitOffset>27</startBitOffset>
      <bitSize>5</bitSize>
      <resolution>1.0</resolution>
      <valueOffset>2010.0</valueOffset>
      <minValue>2010.0</minValue>
      <maxValue>2040.0</maxValue>
      <units>Year</units>
      <decodeValues>
        <value>
          <num>31</num>
          <!-- (0x1f) -->
          <mnemonic>Fault</mnemonic>
        </value>
      </decodeValues>
    </vde>
  </vdGroup>
  <vdGroup>
    <name>GSMDRXLEVEL</name>
    <msgID>45</msgID>
    <minInterval>0</minInterval>
    <vde>
      <name>GSMDRXLEVEL</name>
      <startBitOffset>0</startBitOffset>
      <bitSize>32</bitSize>
      <resolution>1</resolution>
      <valueOffset>0</valueOffset>
      <minValue>0</minValue>
      <maxValue>4294967295</maxValue>
      <units></units>
    </vde>
  </vdGroup>
  <vdGroup>
    <name>GSMNUMBEROFNEIGHBORS</name>
    <msgID>47</msgID>
    <minInterval>0</minInterval>
    <vde>
      <name>GSMNUMBEROFNEIGHBORS</name>
      <startBitOffset>0</startBitOffset>
      <bitSize>32</bitSize>
      <resolution>1</resolution>
      <valueOffset>0</valueOffset>
      <minValue>0</minValue>
      <maxValue>4294967295</maxValue>
      <units></units>
    </vde>
  </vdGroup>
  <vdGroup>
    <name>GSMROAMINGFLAG</name>
    <msgID>46</msgID>
    <minInterval>0</minInterval>
    <vde>
      <name>GSMROAMINGFLAG</name>
      <startBitOffset>0</startBitOffset>
      <bitSize>32</bitSize>
      <resolution>1</resolution>
      <valueOffset>0</valueOffset>
      <minValue>0</minValue>
      <maxValue>4294967295</maxValue>
      <units></units>
    </vde>
  </vdGroup>
  <vdGroup>
    <name>HEADING</name>
    <msgID>8</msgID>
    <minInterval>0</minInterval>
    <vde>
      <name>HEADING</name>
      <startBitOffset>20</startBitOffset>
      <bitSize>12</bitSize>
      <resolution>0.1</resolution>
      <valueOffset>0</valueOffset>
      <minValue>0</minValue>
      <maxValue>359.9</maxValue>
      <units>degrees</units>
    </vde>
  </vdGroup>
  <vdGroup>
    <name>IGNITION_STATUS</name>
    <msgID>1458</msgID>
    <minInterval>0</minInterval>
    <vde>
      <name>IGNITION_STATUS</name>
      <startBitOffset>28</startBitOffset>
      <bitSize>4</bitSize>
      <resolution>1.0</resolution>
      <valueOffset>0.0</valueOffset>
      <minValue>0.0</minValue>
      <maxValue>15.0</maxValue>
      <units>SED</units>
      <decodeValues>
        <value>
          <num>0</num>
          <!-- (0x00) -->
          <mnemonic>Unknown</mnemonic>
        </value>
        <value>
          <num>1</num>
          <!-- (0x01) -->
          <mnemonic>Off</mnemonic>
        </value>
        <value>
          <num>2</num>
          <!-- (0x02) -->
          <mnemonic>Accessory</mnemonic>
        </value>
        <value>
          <num>4</num>
          <!-- (0x04) -->
          <mnemonic>Run</mnemonic>
        </value>
        <value>
          <num>8</num>
          <!-- (0x08) -->
          <mnemonic>Start</mnemonic>
        </value>
        <value>
          <num>15</num>
          <!-- (0x0f) -->
          <mnemonic>Invalid</mnemonic>
        </value>
      </decodeValues>
    </vde>
  </vdGroup>
  <vdGroup>
    <name>LATITUDEDEGREESFRACTIONAL</name>
    <msgID>19</msgID>
    <minInterval>0</minInterval>
    <vde>
      <name>LATITUDEDEGREESFRACTIONAL</name>
      <startBitOffset>12</startBitOffset>
      <bitSize>20</bitSize>
      <resolution>0.000001</resolution>
      <valueOffset>0</valueOffset>
      <minValue>0</minValue>
      <maxValue>0.999999</maxValue>
      <units>FractionalDegrees</units>
    </vde>
  </vdGroup>
  <vdGroup>
    <name>LATITIDUEDEGREESINTEGER</name>
    <msgID>17</msgID>
    <minInterval>0</minInterval>
    <vde>
      <name>LATITIDUEDEGREESINTEGER</name>
      <startBitOffset>25</startBitOffset>
      <bitSize>7</bitSize>
      <resolution>1.0</resolution>
      <valueOffset>0</valueOffset>
      <minValue>0</minValue>
      <maxValue>89</maxValue>
      <units>IntegerDegrees</units>
    </vde>
  </vdGroup>
  <vdGroup>
    <name>LATITUDESIGN</name>
    <msgID>18</msgID>
    <minInterval>0</minInterval>
    <vde>
      <name>LATITUDESIGN</name>
      <startBitOffset>31</startBitOffset>
      <bitSize>1</bitSize>
      <resolution>1.0</resolution>
      <valueOffset>0</valueOffset>
      <minValue>0</minValue>
      <maxValue>1</maxValue>
      <units>SED</units>
      <decodeValues>
        <value>
          <num>0</num>
          <mnemonic>-1</mnemonic>
        </value>
        <value>
          <num>1</num>
          <mnemonic>1</mnemonic>
        </value>
      </decodeValues>
    </vde>
  </vdGroup>
  <vdGroup>
    <name>LDWACTVSTATS_D_REQ</name>
    <msgID>10</msgID>
    <minInterval>0</minInterval>
    <vde>
      <name>LDWACTVSTATS_D_REQ</name>
      <startBitOffset>29</startBitOffset>
      <bitSize>3</bitSize>
      <resolution>1.0</resolution>
      <valueOffset>0</valueOffset>
      <minValue>0</minValue>
      <maxValue>7</maxValue>
      <units>SED</units>
      <decodeValues>
        <value>
          <num>0x00</num>
          <mnemonic>LDW_Idle</mnemonic>
        </value>
        <value>
          <num>0x01</num>
          <mnemonic>NotUsed1</mnemonic>
        </value>
        <value>
          <num>0x02</num>
          <mnemonic>LDW_Warning_Left</mnemonic>
        </value>
        <value>
          <num>0x03</num>
          <mnemonic>LDW_Suppress_Left</mnemonic>
        </value>
        <value>
          <num>0x04</num>
          <mnemonic>LDW_Warning_Right</mnemonic>
        </value>
        <value>
          <num>0x05</num>
          <mnemonic>LDW_Suppress_Right</mnemonic>
        </value>
        <value>
          <num>0x06</num>
          <mnemonic>NotUsed2</mnemonic>
        </value>
        <value>
          <num>0x07</num>
          <mnemonic>LDW_Suppress_Right_Left</mnemonic>
        </value>
      </decodeValues>
    </vde>
  </vdGroup>
  <vdGroup>
    <name>LIFECYCMDE_D_ACTL</name>
    <msgID>1529</msgID>
    <minInterval>0</minInterval>
    <vde>
      <name>LIFECYCMDE_D_ACTL</name>
      <startBitOffset>28</startBitOffset>
      <bitSize>4</bitSize>
      <resolution>1.0</resolution>
      <valueOffset>0.0</valueOffset>
      <minValue>0.0</minValue>
      <maxValue>15.0</maxValue>
      <units>SED</units>
      <decodeValues>
        <value>
          <num>0</num>
          <!-- (0x00) -->
          <mnemonic>Normal</mnemonic>
        </value>
        <value>
          <num>1</num>
          <!-- (0x01) -->
          <mnemonic>Factory</mnemonic>
        </value>
        <value>
          <num>2</num>
          <!-- (0x02) -->
          <mnemonic>NotUsed</mnemonic>
        </value>
        <value>
          <num>3</num>
          <!-- (0x03) -->
          <mnemonic>Transport</mnemonic>
        </value>
      </decodeValues>
    </vde>
  </vdGroup>
  <vdGroup>
    <name>LKAACTVSTATS_D_REQ</name>
    <msgID>11</msgID>
    <minInterval>0</minInterval>
    <vde>
      <name>LKAACTVSTATS_D_REQ</name>
      <startBitOffset>29</startBitOffset>
      <bitSize>3</bitSize>
      <resolution>1.0</resolution>
      <valueOffset>0</valueOffset>
      <minValue>0</minValue>
      <maxValue>7</maxValue>
      <units>SED</units>
      <decodeValues>
        <value>
          <num>0x00</num>
          <mnemonic>LKA_Idle</mnemonic>
        </value>
        <value>
          <num>0x01</num>
          <mnemonic>LKA_Idle_LCA_Suppress</mnemonic>
        </value>
        <value>
          <num>0x02</num>
          <mnemonic>LKA_Intervention_Left</mnemonic>
        </value>
        <value>
          <num>0x03</num>
          <mnemonic>LKA_Suppress_Left</mnemonic>
        </value>
        <value>
          <num>0x04</num>
          <mnemonic>LKA_Intervention_Right</mnemonic>
        </value>
        <value>
          <num>0x05</num>
          <mnemonic>LKA_Suppress_Right</mnemonic>
        </value>
        <value>
          <num>0x06</num>
          <mnemonic>LCA_In_Progress</mnemonic>
        </value>
        <value>
          <num>0x07</num>
          <mnemonic>LKALCA_Suppress_Right_Left</mnemonic>
        </value>
      </decodeValues>
    </vde>
  </vdGroup>
  <vdGroup>
    <name>LONGITUDEDEGREESFRACTIONAL</name>
    <msgID>21</msgID>
    <minInterval>0</minInterval>
    <vde>
      <name>LONGITUDEDEGREESFRACTIONAL</name>
      <startBitOffset>12</startBitOffset>
      <bitSize>20</bitSize>
      <resolution>0.000001</resolution>
      <valueOffset>0</valueOffset>
      <minValue>0</minValue>
      <maxValue>0.999999</maxValue>
      <units>FractionalDegrees</units>
    </vde>
  </vdGroup>
  <vdGroup>
    <name>LONGITUDEDEGREESINTEGER</name>
    <msgID>20</msgID>
    <minInterval>0</minInterval>
    <vde>
      <name>LONGITUDEDEGREESINTEGER</name>
      <startBitOffset>24</startBitOffset>
      <bitSize>8</bitSize>
      <resolution>1.0</resolution>
      <valueOffset>0</valueOffset>
      <minValue>0</minValue>
      <maxValue>179</maxValue>
      <units>IntegerDegrees</units>
    </vde>
  </vdGroup>
  <vdGroup>
    <name>LONGITUDESIGN</name>
    <msgID>22</msgID>
    <minInterval>0</minInterval>
    <vde>
      <name>LONGITUDESIGN</name>
      <startBitOffset>31</startBitOffset>
      <bitSize>1</bitSize>
      <resolution>1.0</resolution>
      <valueOffset>0</valueOffset>
      <minValue>0</minValue>
      <maxValue>1</maxValue>
      <units>SED</units>
      <decodeValues>
        <value>
          <num>0</num>
          <mnemonic>-1</mnemonic>
        </value>
        <value>
          <num>1</num>
          <mnemonic>1</mnemonic>
        </value>
      </decodeValues>
    </vde>
  </vdGroup>
  <vdGroup>
    <name>MEANSEALEVELALTITUDE</name>
    <msgID>9</msgID>
    <minInterval>0</minInterval>
    <vde>
      <name>MEANSEALEVELALTITUDE</name>
      <startBitOffset>21</startBitOffset>
      <bitSize>11</bitSize>
      <resolution>5</resolution>
      <valueOffset>-1000</valueOffset>
      <minValue>-1000</minValue>
      <maxValue>9000</maxValue>
      <units>meters</units>
    </vde>
  </vdGroup>
  <vdGroup>
    <name>MTRTRAC2_W_ACTL</name>
    <msgID>2</msgID>
    <minInterval>0</minInterval>
    <vde>
      <name>MTRTRAC2_W_ACTL</name>
      <startBitOffset>22</startBitOffset>
      <bitSize>10</bitSize>
      <resolution>1.0</resolution>
      <valueOffset>-500</valueOffset>
      <minValue>-500</minValue>
      <maxValue>522</maxValue>
      <units>rad/sec</units>
      <decodeValues>
        <value>
          <num>1023</num>
          <mnemonic>Faulty</mnemonic>
        </value>
      </decodeValues>
    </vde>
  </vdGroup>
  <vdGroup>
    <name>NTFYDRVSOCLVL1_PC_RQ</name>
    <msgID>2</msgID>
    <minInterval>0</minInterval>
    <vde>
      <name>NTFYDRVSOCLVL1_PC_RQ</name>
      <startBitOffset>25</startBitOffset>
      <bitSize>7</bitSize>
      <resolution>1.0</resolution>
      <valueOffset>0</valueOffset>
      <minValue>1</minValue>
      <maxValue>100</maxValue>
      <units>%</units>
      <decodeValues>
        <value>
          <num>0x00</num>
          <mnemonic>Inactive</mnemonic>
        </value>
        <value>
          <num>0x7F</num>
          <mnemonic>Target_SOC_Notification_Alert_Di</mnemonic>
        </value>
      </decodeValues>
    </vde>
  </vdGroup>
  <vdGroup>
    <name>ODOMETERMASTERVALUE</name>
    <msgID>1762</msgID>
    <minInterval>0</minInterval>
    <vde>
      <name>ODOMETERMASTERVALUE</name>
      <startBitOffset>8</startBitOffset>
      <bitSize>24</bitSize>
      <resolution>1.0</resolution>
      <valueOffset>0.0</valueOffset>
      <minValue>0.0</minValue>
      <maxValue>16777214.0</maxValue>
      <units>km</units>
      <decodeValues>
        <value>
          <num>16777215</num>
          <!-- (0xffffff) -->
          <mnemonic>Invalid_value</mnemonic>
        </value>
      </decodeValues>
    </vde>
  </vdGroup>
  <vdGroup>
    <name>OLT_LatDeg_St</name>
    <msgID>17</msgID>
    <minInterval>0</minInterval>
    <vde>
      <name>OLT_LatDeg_St</name>
      <startBitOffset>25</startBitOffset>
      <bitSize>7</bitSize>
      <resolution>1.0</resolution>
      <valueOffset>0</valueOffset>
      <minValue>0</minValue>
      <maxValue>89</maxValue>
      <units>IntegerDegrees</units>
    </vde>
  </vdGroup>
  <vdGroup>
    <name>OLT_LatDegFrac_St</name>
    <msgID>19</msgID>
    <minInterval>0</minInterval>
    <vde>
      <name>OLT_LatDegFrac_St</name>
      <startBitOffset>12</startBitOffset>
      <bitSize>20</bitSize>
      <resolution>0.000001</resolution>
      <valueOffset>0</valueOffset>
      <minValue>0</minValue>
      <maxValue>0.999999</maxValue>
      <units>FractionalDegrees</units>
    </vde>
  </vdGroup>
  <vdGroup>
    <name>OLT_LatSign_St</name>
    <msgID>18</msgID>
    <minInterval>0</minInterval>
    <vde>
      <name>OLT_LatSign_St</name>
      <startBitOffset>31</startBitOffset>
      <bitSize>1</bitSize>
      <resolution>1.0</resolution>
      <valueOffset>0</valueOffset>
      <minValue>0</minValue>
      <maxValue>1</maxValue>
      <units>SED</units>
      <decodeValues>
        <value>
          <num>0</num>
          <mnemonic>-1</mnemonic>
        </value>
        <value>
          <num>1</num>
          <mnemonic>1</mnemonic>
        </value>
      </decodeValues>
    </vde>
  </vdGroup>
  <vdGroup>
    <name>OLT_LongDeg_St</name>
    <msgID>20</msgID>
    <minInterval>0</minInterval>
    <vde>
      <name>OLT_LongDeg_St</name>
      <startBitOffset>24</startBitOffset>
      <bitSize>8</bitSize>
      <resolution>1.0</resolution>
      <valueOffset>0</valueOffset>
      <minValue>0</minValue>
      <maxValue>179</maxValue>
      <units>IntegerDegrees</units>
    </vde>
  </vdGroup>
  <vdGroup>
    <name>OLT_LongDegFrac_St</name>
    <msgID>21</msgID>
    <minInterval>0</minInterval>
    <vde>
      <name>OLT_LongDegFrac_St</name>
      <startBitOffset>12</startBitOffset>
      <bitSize>20</bitSize>
      <resolution>0.000001</resolution>
      <valueOffset>0</valueOffset>
      <minValue>0</minValue>
      <maxValue>0.999999</maxValue>
      <units>FractionalDegrees</units>
    </vde>
  </vdGroup>
  <vdGroup>
    <name>OLT_LongSign_St</name>
    <msgID>22</msgID>
    <minInterval>0</minInterval>
    <vde>
      <name>OLT_LongSign_St</name>
      <startBitOffset>31</startBitOffset>
      <bitSize>1</bitSize>
      <resolution>1.0</resolution>
      <valueOffset>0</valueOffset>
      <minValue>0</minValue>
      <maxValue>1</maxValue>
      <units>SED</units>
      <decodeValues>
        <value>
          <num>0</num>
          <mnemonic>-1</mnemonic>
        </value>
        <value>
          <num>1</num>
          <mnemonic>1</mnemonic>
        </value>
      </decodeValues>
    </vde>
  </vdGroup>
  <vdGroup>
    <name>PARKBRAKE_SOFT</name>
    <msgID>105</msgID>
    <minInterval>0</minInterval>
    <vde>
      <name>PARKBRAKE_SOFT</name>
      <startBitOffset>31</startBitOffset>
      <bitSize>1</bitSize>
      <resolution>1.0</resolution>
      <valueOffset>0</valueOffset>
      <minValue>0</minValue>
      <maxValue>1</maxValue>
      <units>SED</units>
      <decodeValues>
        <value>
          <num>0x00</num>
          <mnemonic>No</mnemonic>
        </value>
        <value>
          <num>0x01</num>
          <mnemonic>Yes</mnemonic>
        </value>
      </decodeValues>
    </vde>
  </vdGroup>
  <vdGroup>
    <name>PARKRBRAKE_HARD</name>
    <msgID>104</msgID>
    <minInterval>0</minInterval>
    <vde>
      <name>PARKRBRAKE_HARD</name>
      <startBitOffset>31</startBitOffset>
      <bitSize>1</bitSize>
      <resolution>1.0</resolution>
      <valueOffset>0</valueOffset>
      <minValue>0</minValue>
      <maxValue>1</maxValue>
      <units>SED</units>
      <decodeValues>
        <value>
          <num>0x00</num>
          <mnemonic>No</mnemonic>
        </value>
        <value>
          <num>0x01</num>
          <mnemonic>Yes</mnemonic>
        </value>
      </decodeValues>
    </vde>
  </vdGroup>
  <vdGroup>
    <name>PEPSKEYACTV_D_STAT</name>
    <msgID>1816</msgID>
    <minInterval>0</minInterval>
    <vde>
      <name>PEPSKEYACTV_D_STAT</name>
      <startBitOffset>28</startBitOffset>
      <bitSize>4</bitSize>
      <resolution>1.0</resolution>
      <valueOffset>0.0</valueOffset>
      <minValue>0.0</minValue>
      <maxValue>15.0</maxValue>
      <units>SED</units>
      <decodeValues>
        <value>
          <num>0</num>
          <!-- (0x00) -->
          <mnemonic>NoKeyActive</mnemonic>
        </value>
        <value>
          <num>1</num>
          <!-- (0x01) -->
          <mnemonic>Key1Active</mnemonic>
        </value>
        <value>
          <num>2</num>
          <!-- (0x02) -->
          <mnemonic>Key2Active</mnemonic>
        </value>
        <value>
          <num>3</num>
          <!-- (0x03) -->
          <mnemonic>NotUsed1</mnemonic>
        </value>
        <value>
          <num>4</num>
          <!-- (0x04) -->
          <mnemonic>Key3Active</mnemonic>
        </value>
        <value>
          <num>5</num>
          <!-- (0x05) -->
          <mnemonic>NotUsed2</mnemonic>
        </value>
        <value>
          <num>6</num>
          <!-- (0x06) -->
          <mnemonic>NotUsed3</mnemonic>
        </value>
        <value>
          <num>7</num>
          <!-- (0x07) -->
          <mnemonic>NotUsed4</mnemonic>
        </value>
        <value>
          <num>8</num>
          <!-- (0x08) -->
          <mnemonic>Key4Active</mnemonic>
        </value>
        <value>
          <num>9</num>
          <!-- (0x09) -->
          <mnemonic>NotUsed5</mnemonic>
        </value>
        <value>
          <num>10</num>
          <!-- (0x0a) -->
          <mnemonic>NotUsed6</mnemonic>
        </value>
        <value>
          <num>11</num>
          <!-- (0x0b) -->
          <mnemonic>NotUsed7</mnemonic>
        </value>
        <value>
          <num>12</num>
          <!-- (0x0c) -->
          <mnemonic>NotUsed8</mnemonic>
        </value>
        <value>
          <num>13</num>
          <!-- (0x0d) -->
          <mnemonic>NotUsed9</mnemonic>
        </value>
        <value>
          <num>14</num>
          <!-- (0x0e) -->
          <mnemonic>NotUsed10</mnemonic>
        </value>
        <value>
          <num>15</num>
          <!-- (0x0f) -->
          <mnemonic>NotUsed11</mnemonic>
        </value>
      </decodeValues>
    </vde>
  </vdGroup>
  <vdGroup>
    <name>PERIMETER_ALARM_STATUS</name>
    <msgID>1818</msgID>
    <minInterval>0</minInterval>
    <vde>
      <name>PERIMETER_ALARM_STATUS</name>
      <startBitOffset>30</startBitOffset>
      <bitSize>2</bitSize>
      <resolution>1.0</resolution>
      <valueOffset>0.0</valueOffset>
      <minValue>0.0</minValue>
      <maxValue>3.0</maxValue>
      <units>SED</units>
      <decodeValues>
        <value>
          <num>0</num>
          <!-- (0x00) -->
          <mnemonic>Disarmed</mnemonic>
        </value>
        <value>
          <num>1</num>
          <!-- (0x01) -->
          <mnemonic>Prearmed</mnemonic>
        </value>
        <value>
          <num>2</num>
          <!-- (0x02) -->
          <mnemonic>Armed</mnemonic>
        </value>
        <value>
          <num>3</num>
          <!-- (0x03) -->
          <mnemonic>Activated</mnemonic>
        </value>
      </decodeValues>
    </vde>
  </vdGroup>
  <vdGroup>
    <name>PKEYID</name>
    <msgID>60</msgID>
    <minInterval>0</minInterval>
    <vde>
      <name>PKEYID</name>
      <startBitOffset>24</startBitOffset>
      <bitSize>8</bitSize>
      <resolution>1.0</resolution>
      <valueOffset>0</valueOffset>
      <minValue>0</minValue>
      <maxValue>255</maxValue>
      <decodeValueAs>bit</decodeValueAs>
      <!--
        Object Remote Administration PKeyID_St
        Bit 0 = 1 (KeyID1 prsnt)
        Bit 1 = 1 (KeyID2 prsnt)
        Bit 2 = 1 (KeyID3 prsnt)
        Bit 3 = 1 (KeyID4 prsnt)
        Bit 4 = 1 (KeyID5 prsnt)
        Bit 5 = 1 (KeyID6 prsnt)
        Bit 6 = 1 (KeyID7 prsnt)
        Bit 7 = 1 (KeyID8 prsnt)
      -->
      <units>SED</units>
      <decodeValues>
        <value>
          <!--0b00000001-->
          <num>0x00000001</num>
          <mnemonic>KeyID1,Present</mnemonic>
        </value>
        <value>
          <!--0b11111110 (= ~0b00000001)-->
          <num>0xfffffffe</num>
          <mnemonic>KeyID1,Absent</mnemonic>
        </value>
        <value>
          <!--0b00000010-->
          <num>0x00000002</num>
          <mnemonic>KeyID2,Present</mnemonic>
        </value>
        <value>
          <!--0b11111101 (=~0b00000010)-->
          <num>0xfffffffd</num>
          <mnemonic>KeyID2,Absent</mnemonic>
        </value>
        <value>
          <!--0b00000100-->
          <num>0x00000004</num>
          <mnemonic>KeyID3,Present</mnemonic>
        </value>
        <value>
          <!--0b11111011 (=~0b00000100)-->
          <num>0xfffffffb</num>
          <mnemonic>KeyID3,Absent</mnemonic>
        </value>
        <value>
          <!--0b00001000-->
          <num>0x00000008</num>
          <mnemonic>KeyID4,Present</mnemonic>
        </value>
        <value>
          <!--0b11110111 (=~0b00001000)-->
          <num>0xfffffff7</num>
          <mnemonic>KeyID4,Absent</mnemonic>
        </value>
        <value>
          <!--0b00010000-->
          <num>0x00000010</num>
          <mnemonic>KeyID5,Present</mnemonic>
        </value>
        <value>
          <!--0b11101111 (= ~0b00010000)-->
          <num>0xffffffef</num>
          <mnemonic>KeyID5,Absent</mnemonic>
        </value>
        <value>
          <!--0b00100000-->
          <num>0x00000020</num>
          <mnemonic>KeyID6,Present</mnemonic>
        </value>
        <value>
          <!--0b11011111 (=~0b00100000)-->
          <num>0xffffffdf</num>
          <mnemonic>KeyID6,Absent</mnemonic>
        </value>
        <value>
          <!--0b01000000-->
          <num>0x00000040</num>
          <mnemonic>KeyID7,Present</mnemonic>
        </value>
        <value>
          <!--0b10111111 (=~0b01000000)-->
          <num>0xffffffbf</num>
          <mnemonic>KeyID7,Absent</mnemonic>
        </value>
        <value>
          <!--0b10000000-->
          <num>0x00000080</num>
          <mnemonic>KeyID8,Present</mnemonic>
        </value>
        <value>
          <!--0b01111111 (=~0b10000000)-->
          <num>0xffffff7f</num>
          <mnemonic>KeyID8,Absent</mnemonic>
        </value>
      </decodeValues>
    </vde>
  </vdGroup>  
  <vdGroup>
    <name>POSITION</name>
    <msgID>31415</msgID>
    <minInterval>0</minInterval>
    <vde>
      <name>POSITION</name>
      <startBitOffset>29</startBitOffset>
      <bitSize>3</bitSize>
      <resolution>1.0</resolution>
      <valueOffset>0</valueOffset>
      <minValue>0</minValue>
      <maxValue>5</maxValue>
      <units>SED</units>
      <decodeValues>
        <value>
          <num>0x00</num>
          <mnemonic>Undefined_window_position</mnemonic>
        </value>
        <value>
          <num>0x01</num>
          <mnemonic>Fully_closed_position</mnemonic>
        </value>
        <value>
          <num>0x02</num>
          <mnemonic>Between_fully_closed_and_10___op</mnemonic>
        </value>
        <value>
          <num>0x03</num>
          <mnemonic>Between_10___open_and_60___open</mnemonic>
        </value>
        <value>
          <num>0x04</num>
          <mnemonic>Between_60___open_and_fully_open</mnemonic>
        </value>
        <value>
          <num>0x05</num>
          <mnemonic>Fully_open_position</mnemonic>
        </value>
      </decodeValues>
    </vde>
  </vdGroup> 
  <vdGroup>
    <name>PRMTRALRMEVNT_D_STAT</name>
    <msgID>1932</msgID>
    <minInterval>0</minInterval>
    <vde>
      <name>PRMTRALRMEVNT_D_STAT</name>
      <startBitOffset>28</startBitOffset>
      <bitSize>4</bitSize>
      <resolution>1.0</resolution>
      <valueOffset>0.0</valueOffset>
      <minValue>0.0</minValue>
      <maxValue>15.0</maxValue>
      <units>SED</units>
      <decodeValues>
        <value>
          <num>0</num>
          <!-- (0x00) -->
          <mnemonic>Null</mnemonic>
        </value>
        <value>
          <num>1</num>
          <!-- (0x01) -->
          <mnemonic>DF_Door</mnemonic>
        </value>
        <value>
          <num>2</num>
          <!-- (0x02) -->
          <mnemonic>DR_Door</mnemonic>
        </value>
        <value>
          <num>3</num>
          <!-- (0x03) -->
          <mnemonic>PF_Door</mnemonic>
        </value>
        <value>
          <num>4</num>
          <!-- (0x04) -->
          <mnemonic>PR_Door</mnemonic>
        </value>
        <value>
          <num>5</num>
          <!-- (0x05) -->
          <mnemonic>Hood</mnemonic>
        </value>
        <value>
          <num>6</num>
          <!-- (0x06) -->
          <mnemonic>Decklid</mnemonic>
        </value>
        <value>
          <num>7</num>
          <!-- (0x07) -->
          <mnemonic>LG_Door</mnemonic>
        </value>
        <value>
          <num>8</num>
          <!-- (0x08) -->
          <mnemonic>Ign_Tamper</mnemonic>
        </value>
        <value>
          <num>9</num>
          <!-- (0x09) -->
          <mnemonic>Inclination</mnemonic>
        </value>
        <value>
          <num>10</num>
          <!-- (0x0a) -->
          <mnemonic>Intrusion</mnemonic>
        </value>
        <value>
          <num>11</num>
          <!-- (0x0b) -->
          <mnemonic>Panic</mnemonic>
        </value>
        <value>
          <num>12</num>
          <!-- (0x0c) -->
          <mnemonic>Post_Crash</mnemonic>
        </value>
        <value>
          <num>13</num>
          <!-- (0x0d) -->
          <mnemonic>Shock_Sensor</mnemonic>
        </value>
        <value>
          <num>14</num>
          <!-- (0x0e) -->
          <mnemonic>Trailer</mnemonic>
        </value>
        <value>
          <num>15</num>
          <!-- (0x0f) -->
          <mnemonic>NotUsed</mnemonic>
        </value>
      </decodeValues>
    </vde>
  </vdGroup>
  <vdGroup>
    <name>PWPCKTQ_D_STAT</name>
    <msgID>1965</msgID>
    <minInterval>0</minInterval>
    <vde>
      <name>PWPCKTQ_D_STAT</name>
      <startBitOffset>30</startBitOffset>
      <bitSize>2</bitSize>
      <resolution>1.0</resolution>
      <valueOffset>0.0</valueOffset>
      <minValue>0.0</minValue>
      <maxValue>3.0</maxValue>
      <units>SED</units>
      <decodeValues>
        <value>
          <num>0</num>
          <!-- (0x00) -->
          <mnemonic>PwPckOff_TqNotAvailable</mnemonic>
        </value>
        <value>
          <num>1</num>
          <!-- (0x01) -->
          <mnemonic>PwPckOn_TqNotAvailable</mnemonic>
        </value>
        <value>
          <num>2</num>
          <!-- (0x02) -->
          <mnemonic>StartInPrgrss_TqNotAvail</mnemonic>
        </value>
        <value>
          <num>3</num>
          <!-- (0x03) -->
          <mnemonic>PwPckOn_TqAvailable</mnemonic>
        </value>
      </decodeValues>
    </vde>
  </vdGroup>
  <vdGroup>
    <name>RECEIVEDSIGNALQUALITY</name>
    <msgID>44</msgID>
    <minInterval>0</minInterval>
    <vde>
      <name>RECEIVEDSIGNALQUALITY</name>
      <startBitOffset>24</startBitOffset>
      <bitSize>8</bitSize>
      <resolution>1.0</resolution>
      <valueOffset>0.0</valueOffset>
      <minValue>0.0</minValue>
      <maxValue>100.0</maxValue>
      <units>BER</units>
    </vde>
  </vdGroup>
  <vdGroup>
    <name>RECEIVEDSIGNALSTRENGTH</name>
    <msgID>77</msgID>
    <minInterval>0</minInterval>
    <vde>
      <name>RECEIVEDSIGNALSTRENGTH</name>
      <startBitOffset>24</startBitOffset>
      <bitSize>8</bitSize>
      <resolution>1</resolution>
      <valueOffset>0</valueOffset>
      <minValue>0</minValue>
      <maxValue>100</maxValue>
      <units>%</units>
    </vde>
  </vdGroup>
  <vdGroup>
    <name>REMOTE_DEVICE_FEEDBACK</name>
    <msgID>2020</msgID>
    <minInterval>0</minInterval>
    <vde>
      <name>REMOTE_DEVICE_FEEDBACK</name>
      <startBitOffset>29</startBitOffset>
      <bitSize>3</bitSize>
      <resolution>1.0</resolution>
      <valueOffset>0.0</valueOffset>
      <minValue>0.0</minValue>
      <maxValue>7.0</maxValue>
      <units>SED</units>
      <decodeValues>
        <value>
          <num>0</num>
          <!-- (0x00) -->
          <mnemonic>Null</mnemonic>
        </value>
        <value>
          <num>1</num>
          <!-- (0x01) -->
          <mnemonic>Acknowledge</mnemonic>
        </value>
        <value>
          <num>2</num>
          <!-- (0x02) -->
          <mnemonic>Starting</mnemonic>
        </value>
        <value>
          <num>3</num>
          <!-- (0x03) -->
          <mnemonic>Running</mnemonic>
        </value>
        <value>
          <num>4</num>
          <!-- (0x04) -->
          <mnemonic>Shutdown</mnemonic>
        </value>
        <value>
          <num>5</num>
          <!-- (0x05) -->
          <mnemonic>Unused1</mnemonic>
        </value>
        <value>
          <num>6</num>
          <!-- (0x06) -->
          <mnemonic>Unused2</mnemonic>
        </value>
        <value>
          <num>7</num>
          <!-- (0x07) -->
          <mnemonic>Unused3</mnemonic>
        </value>
      </decodeValues>
    </vde>
  </vdGroup>
  <vdGroup>
    <name>REMOTESTRT_T_ACTL</name>
    <msgID>97</msgID>
    <minInterval>0</minInterval>
    <vde>
      <name>REMOTESTRT_T_ACTL</name>
      <startBitOffset>24</startBitOffset>
      <bitSize>8</bitSize>
      <resolution>1.0</resolution>
      <valueOffset>0</valueOffset>
      <minValue>0</minValue>
      <maxValue>30</maxValue>
      <units>Minute</units>
      <decodeValues>
        <value>
          <num>0x1f</num>
          <mnemonic>Invalid</mnemonic>
        </value>
      </decodeValues>
    </vde>
  </vdGroup>
  <vdGroup>
    <name>RSTRT_T_ACTL</name>
    <msgID>2082</msgID>
    <minInterval>0</minInterval>
    <vde>
      <name>RSTRT_T_ACTL</name>
      <startBitOffset>16</startBitOffset>
      <bitSize>16</bitSize>
      <resolution>1.0</resolution>
      <valueOffset>0.0</valueOffset>
      <minValue>0.0</minValue>
      <maxValue>65535.0</maxValue>
      <units>seconds</units>
    </vde>
  </vdGroup>
  <vdGroup>
    <name>RSTRTLOAD_D_STTN</name>
    <msgID>96</msgID>
    <minInterval>0</minInterval>
    <vde>
      <name>RSTRTLOAD_D_STTN</name>
      <startBitOffset>25</startBitOffset>
      <bitSize>7</bitSize>
      <resolution>1.0</resolution>
      <valueOffset>0</valueOffset>
      <minValue>0</minValue>
      <maxValue>127</maxValue>
      <units>CompoundSignal</units>
      <ConstituentSignals>
        <signalName>RSTRTLOAD_D_STTN.REMOTE_START_FLAGS</signalName>
        <signalName>RSTRTLOAD_D_STTN.DURATION_TIMER</signalName>
        <signalName>RSTRTLOAD_D_STTN.CLIMATE_FLAGS</signalName>
      </ConstituentSignals>
    </vde>
  </vdGroup>
  <vdGroup>
    <name>RSTRTLOAD_D_STTN.CLIMATE_FLAGS</name>
    <msgID>96</msgID>
    <minInterval>0</minInterval>
    <vde>
      <name>RSTRTLOAD_D_STTN.CLIMATE_FLAGS</name>
      <startBitOffset>25</startBitOffset>
      <bitSize>3</bitSize>
      <resolution>1.0</resolution>
      <valueOffset>0</valueOffset>
      <minValue>0</minValue>
      <maxValue>7</maxValue>
      <decodeValueAs>bit</decodeValueAs>
      <units>SED</units>
      <decodeValues>
        <value>
          <!--0b00000001-->
          <num>0x00000001</num>
          <mnemonic>Climate-Mode,Automatic</mnemonic>
        </value>
        <value>
          <!--0b11111110 (= ~0b00000001)-->
          <num>0xfffffffe</num>
          <mnemonic>Climate-Mode,Last-Used-Settings</mnemonic>
        </value>
        <value>
          <!--0b00000010-->
          <num>0x00000002</num>
          <mnemonic>Front-Defrost,Automatic</mnemonic>
        </value>
        <value>
          <!--0b11111101 (=~0b00000010)-->
          <num>0xfffffffd</num>
          <mnemonic>Front-Defrost,Off</mnemonic>
        </value>
        <value>
          <!--0b00000100-->
          <num>0x00000004</num>
          <mnemonic>Rear-Defrost,Automatic</mnemonic>
        </value>
        <value>
          <!--0b11111011 (=~0b00000100)-->
          <num>0xfffffffb</num>
          <mnemonic>Rear-Defrost,Off</mnemonic>
        </value>
      </decodeValues>
    </vde>
  </vdGroup>
  <vdGroup>
    <name>RSTRTLOAD_D_STTN.DURATION_TIMER</name>
    <msgID>96</msgID>
    <minInterval>0</minInterval>
    <vde>
      <name>RSTRTLOAD_D_STTN.DURATION_TIMER</name>
      <startBitOffset>28</startBitOffset>
      <bitSize>2</bitSize>
      <resolution>1.0</resolution>
      <valueOffset>0</valueOffset>
      <minValue>0</minValue>
      <maxValue>3</maxValue>
      <units>SED</units>
      <decodeValues>
        <value>
          <num>0x00</num>
          <mnemonic>5_Min</mnemonic>
        </value>
        <value>
          <num>0x01</num>
          <mnemonic>10_Min</mnemonic>
        </value>
        <value>
          <num>0x02</num>
          <mnemonic>15_Min</mnemonic>
        </value>
        <value>
          <num>0x03</num>
          <mnemonic>Not_Used</mnemonic>
        </value>
      </decodeValues>
    </vde>
  </vdGroup>
  <vdGroup>
    <name>RSTRTLOAD_D_STTN.REMOTE_START_FLAGS</name>
    <msgID>96</msgID>
    <minInterval>0</minInterval>
    <vde>
      <name>RSTRTLOAD_D_STTN.REMOTE_START_FLAGS</name>
      <startBitOffset>30</startBitOffset>
      <bitSize>2</bitSize>
      <resolution>1.0</resolution>
      <valueOffset>0</valueOffset>
      <minValue>0</minValue>
      <maxValue>3</maxValue>
      <decodeValueAs>bit</decodeValueAs>
      <units>SED</units>
      <decodeValues>
        <value>
          <!--0b00000001-->
          <num>0x00000001</num>
          <mnemonic>Remote-Start,Enable</mnemonic>
        </value>
        <value>
          <!--0b11111110 (= ~0b00000001)-->
          <num>0xfffffffe</num>
          <mnemonic>Remote-Start,Disable</mnemonic>
        </value>
        <value>
          <!--0b00000010-->
          <num>0x00000002</num>
          <mnemonic>Quiet-Remote-Start-Mode,On</mnemonic>
        </value>
        <value>
          <!--0b11111101 (=~0b00000010)-->
          <num>0xfffffffd</num>
          <mnemonic>Quiet-Remote-Start-Mode,Off</mnemonic>
        </value>
      </decodeValues>
    </vde>
  </vdGroup>
  <vdGroup>
    <name>RSTRTSETTING_T_ACTL</name>
    <msgID>2090</msgID>
    <minInterval>0</minInterval>
    <vde>
      <name>RSTRTSETTING_T_ACTL</name>
      <startBitOffset>21</startBitOffset>
      <bitSize>11</bitSize>
      <resolution>1.0</resolution>
      <valueOffset>0.0</valueOffset>
      <minValue>0.0</minValue>
      <maxValue>2047.0</maxValue>
      <units>seconds</units>
    </vde>
  </vdGroup>
  <vdGroup>
    <name>TELLTALESWARNINGS1</name>
    <msgID>1</msgID>
    <minInterval>0</minInterval>
    <vde>
      <name>TELLTALESWARNINGS1</name>
      <startBitOffset>0</startBitOffset>
      <bitSize>32</bitSize>
      <resolution>1.0</resolution>
      <valueOffset>0</valueOffset>
      <minValue>0</minValue>
      <maxValue>4294967295</maxValue>
      <decodeValueAs>bit</decodeValueAs>
      <!--
        DID 0x600e - Telltales and Warnings - 1
        Byte Number	Bit Number	Bit Number Param	Description	Value Zero Meaning	Value One Meaning
        1	7	31	Fasten Seatbelt Warning	Inactive	Active
        1	6	30	Restraints Indicator Lamp (RIL) Warning	Inactive	Active
        1	5	29	Antilock Brake Fault	Inactive	Active
        1	4	28	Brake Warning	Inactive	Active
        1	3	27	Tire Pressure Monitor System (TPMS)	Inactive	Active
        1	2	26	Malfunction Indicator Lamp (MIL)	Inactive	Active
        1	1	25	Charge System Fault	Inactive	Active
        1	0	24	Traction Control (TC) or Interactive Vehicle Dynamics (IVD) or Ride Stability Control (RSC) Event or Fault	Inactive	Active
        2	7	23	Traction Control (TC) or Interactive Vehicle Dynamics (IVD) or Ride Stability Control (RSC) OFF Indication	Inactive	Active
        2	6	22	Air Suspension or Ride Control Fault	Inactive	Active
        2	5	21	Anti Theft Indicator or Warning	Inactive	Active
        2	4	20	Low Fuel Warning	Inactive	Active
        2	3	19	Low Washer Fluid Warning	Inactive	Active
        2	2	18	Electric Trailer Brake Connection Status	Inactive	Active
        2	1	17	Low Engine Oil Pressure Warning	Inactive	Active
        2	0	16	Engine Coolant Overtemperature	Inactive	Active
        3	7	15	Powertrain Malfunction Warning	Inactive	Active
        3	6	14	Adaptive Cruise Control Warning	Inactive	Active
        3	5	13	Check Fuel Cap Warning	Inactive	Active
        3	4	12	Check Fuel Fill Inlet Warning	Inactive	Active
        3	3	11	Fuel Door Open or Ajar Warning	Inactive	Active
        3	2	10	Diesel Water In Fuel Warning	Inactive	Active
        3	1	9	Diesel Pre-Heat Warning	Inactive	Active
        3	0	8	Diesel Exhaust Overtemperature	Inactive	Active
        4	7	7	Diesel Particulate Filter Cleaning	Inactive	Active
        4	6	6	Diesel Engine Warming Warning	Inactive	Active
        4	5	5	Diesel Engine Idle Shutdown Warning	Inactive	Active
        4	4	4	Passive Entry Passive Start Warning	Inactive	Active
        4	3	3	All Wheel Drive OFF Warning	Inactive	Active
        4	2	2	Air Filter Minder Warning	Inactive	Active
        4	1	1	Park Aid Malfunction Warning	Inactive	Active
        4	0	0	Forward Collision Warning	Inactive	Active
      -->
      <units>SED</units>
      <decodeValues>
        <value>
          <num>0x80000000</num>
          <mnemonic>Fasten-Seatbelt-Warning,Active</mnemonic>
        </value>
        <value>
          <num>0x7fffffff</num>
          <mnemonic>Fasten-Seatbelt-Warning,Inactive</mnemonic>
        </value>
        <value>
          <num>0x40000000</num>
          <mnemonic>Restraints-Indicator-Lamp-Warning,Active</mnemonic>
        </value>
        <value>
          <num>0xbfffffff</num>
          <mnemonic>Restraints-Indicator-Lamp-Warning,Inactive</mnemonic>
        </value>
        <value>
          <num>0x20000000</num>
          <mnemonic>Antilock-Brake-Fault,Active</mnemonic>
        </value>
        <value>
          <num>0xdfffffff</num>
          <mnemonic>Antilock-Brake-Fault,Inactive</mnemonic>
        </value>
        <value>
          <num>0x10000000</num>
          <mnemonic>Brake-Warning,Active</mnemonic>
        </value>
        <value>
          <num>0xefffffff</num>
          <mnemonic>Brake-Warning,Inactive</mnemonic>
        </value>
        <value>
          <num>0x08000000</num>
          <mnemonic>Tire-Pressure-Monitor-System,Active</mnemonic>
        </value>
        <value>
          <num>0xf7ffffff</num>
          <mnemonic>Tire-Pressure-Monitor-System,Inactive</mnemonic>
        </value>
        <value>
          <num>0x04000000</num>
          <mnemonic>Malfunction-Indicator-Lamp,Active</mnemonic>
        </value>
        <value>
          <num>0xfbffffff</num>
          <mnemonic>Malfunction-Indicator-Lamp,Inactive</mnemonic>
        </value>
        <value>
          <num>0x02000000</num>
          <mnemonic>Charge-System-Fault,Active</mnemonic>
        </value>
        <value>
          <num>0xfdffffff</num>
          <mnemonic>Charge-System-Fault,Inactive</mnemonic>
        </value>
        <value>
          <num>0x01000000</num>
          <mnemonic>Ride-Stability-Control-Event,Active</mnemonic>
        </value>
        <value>
          <num>0xfeffffff</num>
          <mnemonic>Ride-Stability-Control-Event,Inactive</mnemonic>
        </value>
        <value>
          <num>0x00800000</num>
          <mnemonic>Ride-Stability-Control-OFF-Indication,Active</mnemonic>
        </value>
        <value>
          <num>0xff7fffff</num>
          <mnemonic>Ride-Stability-Control-OFF-Indication,Inactive</mnemonic>
        </value>
        <value>
          <num>0x00400000</num>
          <mnemonic>Air-Suspension-or-Ride-Control-Fault,Active</mnemonic>
        </value>
        <value>
          <num>0xffbfffff</num>
          <mnemonic>Air-Suspension-or-Ride-Control-Fault,Inactive</mnemonic>
        </value>
        <value>
          <num>0x00200000</num>
          <mnemonic>Anti-Theft-Indicator-or-Warning,Active</mnemonic>
        </value>
        <value>
          <num>0xffdfffff</num>
          <mnemonic>Anti-Theft-Indicator-or-Warning,Inactive</mnemonic>
        </value>
        <value>
          <num>0x00100000</num>
          <mnemonic>Low-Fuel-Warning,Active</mnemonic>
        </value>
        <value>
          <num>0xffefffff</num>
          <mnemonic>Low-Fuel-Warning,Inactive</mnemonic>
        </value>
        <value>
          <num>0x00080000</num>
          <mnemonic>Low-Washer-Fluid-Warning,Active</mnemonic>
        </value>
        <value>
          <num>0xfff7ffff</num>
          <mnemonic>Low-Washer-Fluid-Warning,Inactive</mnemonic>
        </value>
        <value>
          <num>0x00040000</num>
          <mnemonic>Electric-Trailer-Brake-Connection-Status,Active</mnemonic>
        </value>
        <value>
          <num>0xfffbffff</num>
          <mnemonic>Electric-Trailer-Brake-Connection-Status,Inactive</mnemonic>
        </value>
        <value>
          <num>0x00020000</num>
          <mnemonic>Low-Engine-Oil-Pressure-Warning,Active</mnemonic>
        </value>
        <value>
          <num>0xfffdffff</num>
          <mnemonic>Low-Engine-Oil-Pressure-Warning,Inactive</mnemonic>
        </value>
        <value>
          <num>0x00010000</num>
          <mnemonic>Engine-Coolant-Overtemperature,Active</mnemonic>
        </value>
        <value>
          <num>0xfffeffff</num>
          <mnemonic>Engine-Coolant-Overtemperature,Inactive</mnemonic>
        </value>
        <value>
          <num>0x00008000</num>
          <mnemonic>Powertrain-Malfunction-Warning,Active</mnemonic>
        </value>
        <value>
          <num>0xffff7fff</num>
          <mnemonic>Powertrain-Malfunction-Warning,Inactive</mnemonic>
        </value>
        <value>
          <num>0x00004000</num>
          <mnemonic>Adaptive-Cruise-Control-Warning,Active</mnemonic>
        </value>
        <value>
          <num>0xffffbfff</num>
          <mnemonic>Adaptive-Cruise-Control-Warning,Inactive</mnemonic>
        </value>
        <value>
          <num>0x00002000</num>
          <mnemonic>Check-Fuel-Cap-Warning,Active</mnemonic>
        </value>
        <value>
          <num>0xffffdfff</num>
          <mnemonic>Check-Fuel-Cap-Warning,Inactive</mnemonic>
        </value>
        <value>
          <num>0x00001000</num>
          <mnemonic>Check-Fuel-Fill-Inlet-Warning,Active</mnemonic>
        </value>
        <value>
          <num>0xffffefff</num>
          <mnemonic>Check-Fuel-Fill-Inlet-Warning,Inactive</mnemonic>
        </value>
        <value>
          <num>0x00000800</num>
          <mnemonic>Fuel-Door-Open-or-Ajar-Warning,Active</mnemonic>
        </value>
        <value>
          <num>0xfffff7ff</num>
          <mnemonic>Fuel-Door-Open-or-Ajar-Warning,Inactive</mnemonic>
        </value>
        <value>
          <num>0x00000400</num>
          <mnemonic>Diesel-Water-In-Fuel-Warning,Active</mnemonic>
        </value>
        <value>
          <num>0xfffffbff</num>
          <mnemonic>Diesel-Water-In-Fuel-Warning,Inactive</mnemonic>
        </value>
        <value>
          <num>0x00000200</num>
          <mnemonic>Diesel-Pre-Heat-Warning,Active</mnemonic>
        </value>
        <value>
          <num>0xfffffdff</num>
          <mnemonic>Diesel-Pre-Heat-Warning,Inactive</mnemonic>
        </value>
        <value>
          <num>0x00000100</num>
          <mnemonic>Diesel-Exhaust-Overtemperature,Active</mnemonic>
        </value>
        <value>
          <num>0xfffffeff</num>
          <mnemonic>Diesel-Exhaust-Overtemperature,Inactive</mnemonic>
        </value>
        <value>
          <num>0x00000080</num>
          <mnemonic>Diesel-Particulate-Filter-Cleaning,Active</mnemonic>
        </value>
        <value>
          <num>0xffffff7f</num>
          <mnemonic>Diesel-Particulate-Filter-Cleaning,Inactive</mnemonic>
        </value>
        <value>
          <num>0x00000040</num>
          <mnemonic>Diesel-Engine-Warming-Warning,Active</mnemonic>
        </value>
        <value>
          <num>0xffffffbf</num>
          <mnemonic>Diesel-Engine-Warming-Warning,Inactive</mnemonic>
        </value>
        <value>
          <num>0x00000020</num>
          <mnemonic>Diesel-Engine-Idle-Shutdown-Warning,Active</mnemonic>
        </value>
        <value>
          <num>0xffffffdf</num>
          <mnemonic>Diesel-Engine-Idle-Shutdown-Warning,Inactive</mnemonic>
        </value>
        <value>
          <num>0x00000010</num>
          <mnemonic>Passive-Entry-Passive-Start-Warning,Active</mnemonic>
        </value>
        <value>
          <num>0xffffffef</num>
          <mnemonic>Passive-Entry-Passive-Start-Warning,Inactive</mnemonic>
        </value>
        <value>
          <num>0x00000008</num>
          <mnemonic>All-Wheel-Drive-OFF-Warning,Active</mnemonic>
        </value>
        <value>
          <num>0xfffffff7</num>
          <mnemonic>All-Wheel-Drive-OFF-Warning,Inactive</mnemonic>
        </value>
        <value>
          <num>0x00000004</num>
          <mnemonic>Air-Filter-Minder-Warning,Active</mnemonic>
        </value>
        <value>
          <num>0xfffffffb</num>
          <mnemonic>Air-Filter-Minder-Warning,Inactive</mnemonic>
        </value>
        <value>
          <num>0x00000002</num>
          <mnemonic>Park-Aid-Malfunction-Warning,Active</mnemonic>
        </value>
        <value>
          <num>0xfffffffd</num>
          <mnemonic>Park-Aid-Malfunction-Warning,Inactive</mnemonic>
        </value>
        <value>
          <num>0x00000001</num>
          <mnemonic>Forward-Collision-Warning,Active</mnemonic>
        </value>
        <value>
          <num>0xfffffffe</num>
          <mnemonic>Forward-Collision-Warning,Inactive</mnemonic>
        </value>
      </decodeValues>
    </vde>
  </vdGroup>
  <vdGroup>
    <name>TELLTALESWARNINGS2</name>
    <msgID>1</msgID>
    <minInterval>0</minInterval>
    <vde>
      <name>TELLTALESWARNINGS2</name>
      <startBitOffset>0</startBitOffset>
      <bitSize>32</bitSize>
      <resolution>1.0</resolution>
      <valueOffset>0</valueOffset>
      <minValue>0</minValue>
      <maxValue>4294967295</maxValue>
      <decodeValueAs>bit</decodeValueAs>
      <!--
        DID 0x600f - Telltales and Warnings - 2
        Byte Number	Bit Number	Bit Number Param	Description	Value Zero Meaning	Value One Meaning
        1	7	31	reserved	Inactive	Active
        1	6	30	Blind Spot Detection Warning	Inactive	Active
        1	5	29	Service Steering Warning	Inactive	Active
        1	4	28	Not used.  (formerly HEV Hazard Warning on U377)	Inactive	Active
        1	3	27	Diesel Exhaust Fluid Level Low Warnings	Inactive	Active
        1	2	26	Diesel Exhaust Fluid Contaminated Warnings	Inactive	Active
        1	1	25	Hill Descent Control Fault Warning	Inactive	Active
        1	0	24	Lane Departure Warning	Inactive	Active
        2	7	23	City Safety Warning	Inactive	Active
        2	6	22	Hill Start Assist Warning	Inactive	Active
        2	5	21	Bulb Failure	Inactive	Active
        2	4	20	Start/Stop Engine Warning	Inactive	Active
        2	3	19	HEV Hazard Warning	Inactive	Active
        2	2	18	reserved	Inactive	Active
        2	1	17	reserved	Inactive	Active
        2	0	16	reserved	Inactive	Active
      -->
      <units>SED</units>
      <ignoreUndefinedDecodedBitValues>true</ignoreUndefinedDecodedBitValues>
      <decodeValues>
        <!--
        <value>
          <num>0x80000000</num>
          <mnemonic>reserved,Active</mnemonic>
        </value>
        <value>
          <num>0x7fffffff</num>
          <mnemonic>reserved,Inactive</mnemonic>
        </value>
        -->
        <value>
          <num>0x40000000</num>
          <mnemonic>Blind-Spot-Detection-Warning,Active</mnemonic>
        </value>
        <value>
          <num>0xbfffffff</num>
          <mnemonic>Blind-Spot-Detection-Warning,Inactive</mnemonic>
        </value>
        <value>
          <num>0x20000000</num>
          <mnemonic>Service-Steering-Warning,Active</mnemonic>
        </value>
        <value>
          <num>0xdfffffff</num>
          <mnemonic>Service-Steering-Warning,Inactive</mnemonic>
        </value>
        <value>
          <num>0x10000000</num>
          <mnemonic>Not-Used,Active</mnemonic>
        </value>
        <value>
          <num>0xefffffff</num>
          <mnemonic>Not-Used,Inactive</mnemonic>
        </value>
        <value>
          <num>0x08000000</num>
          <mnemonic>Diesel-Exhaust-Fluid-Level-Low-Warnings,Active</mnemonic>
        </value>
        <value>
          <num>0xf7ffffff</num>
          <mnemonic>Diesel-Exhaust-Fluid-Level-Low-Warnings,Inactive</mnemonic>
        </value>
        <value>
          <num>0x04000000</num>
          <mnemonic>Diesel-Exhaust-Fluid-Contaminated-Warnings,Active</mnemonic>
        </value>
        <value>
          <num>0xfbffffff</num>
          <mnemonic>Diesel-Exhaust-Fluid-Contaminated-Warnings,Inactive</mnemonic>
        </value>
        <value>
          <num>0x02000000</num>
          <mnemonic>Hill-Descent-Control-Fault-Warning,Active</mnemonic>
        </value>
        <value>
          <num>0xfdffffff</num>
          <mnemonic>Hill-Descent-Control-Fault-Warning,Inactive</mnemonic>
        </value>
        <value>
          <num>0x01000000</num>
          <mnemonic>Lane-Departure-Warning,Active</mnemonic>
        </value>
        <value>
          <num>0xfeffffff</num>
          <mnemonic>Lane-Departure-Warning,Inactive</mnemonic>
        </value>
        <value>
          <num>0x00800000</num>
          <mnemonic>City-Safety-Warning,Active</mnemonic>
        </value>
        <value>
          <num>0xff7fffff</num>
          <mnemonic>City-Safety-Warning,Inactive</mnemonic>
        </value>
        <value>
          <num>0x00400000</num>
          <mnemonic>Hill-Start-Assist-Warning,Active</mnemonic>
        </value>
        <value>
          <num>0xffbfffff</num>
          <mnemonic>Hill-Start-Assist-Warning,Inactive</mnemonic>
        </value>
        <value>
          <num>0x00200000</num>
          <mnemonic>Bulb-Failure,Active</mnemonic>
        </value>
        <value>
          <num>0xffdfffff</num>
          <mnemonic>Bulb-Failure,Inactive</mnemonic>
        </value>
        <value>
          <num>0x00100000</num>
          <mnemonic>Start-Stop-Engine-Warning,Active</mnemonic>
        </value>
        <value>
          <num>0xffefffff</num>
          <mnemonic>Start-Stop-Engine-Warning,Inactive</mnemonic>
        </value>
        <value>
          <num>0x00080000</num>
          <mnemonic>HEV-Hazard-Warning,Active</mnemonic>
        </value>
        <value>
          <num>0xfff7ffff</num>
          <mnemonic>HEV-Hazard-Warning,Inactive</mnemonic>
        </value>
      </decodeValues>
    </vde>
  </vdGroup>
  <vdGroup>
    <name>TIRE_PRESS_SYSTEM_STAT</name>
    <msgID>2382</msgID>
    <minInterval>0</minInterval>
    <vde>
      <name>TIRE_PRESS_SYSTEM_STAT</name>
      <startBitOffset>28</startBitOffset>
      <bitSize>4</bitSize>
      <resolution>1.0</resolution>
      <valueOffset>0.0</valueOffset>
      <minValue>0.0</minValue>
      <maxValue>15.0</maxValue>
      <units>SED</units>
      <decodeValues>
        <value>
          <num>0</num>
          <!-- (0x00) -->
          <mnemonic>Unknown_Composite_Stat</mnemonic>
        </value>
        <value>
          <num>1</num>
          <!-- (0x01) -->
          <mnemonic>Systm_Fault_Composite_Stat</mnemonic>
        </value>
        <value>
          <num>2</num>
          <!-- (0x02) -->
          <mnemonic>Sensr_Fault_Composite_Stat</mnemonic>
        </value>
        <value>
          <num>3</num>
          <!-- (0x03) -->
          <mnemonic>Low_Composite_Stat</mnemonic>
        </value>
        <value>
          <num>4</num>
          <!-- (0x04) -->
          <mnemonic>Systm_Activ_Composite_Stat</mnemonic>
        </value>
        <value>
          <num>5</num>
          <!-- (0x05) -->
          <mnemonic>Train_LeftFront_tire</mnemonic>
        </value>
        <value>
          <num>6</num>
          <!-- (0x06) -->
          <mnemonic>Train_RightFront_tire</mnemonic>
        </value>
        <value>
          <num>7</num>
          <!-- (0x07) -->
          <mnemonic>Train_RightRear_tire</mnemonic>
        </value>
        <value>
          <num>8</num>
          <!-- (0x08) -->
          <mnemonic>Train_OutsideRtRear_tire</mnemonic>
        </value>
        <value>
          <num>9</num>
          <!-- (0x09) -->
          <mnemonic>Train_InsideRtRear__tire</mnemonic>
        </value>
        <value>
          <num>10</num>
          <!-- (0x0a) -->
          <mnemonic>Train_LeftRear_tire</mnemonic>
        </value>
        <value>
          <num>11</num>
          <!-- (0x0b) -->
          <mnemonic>Train_OutsideLeftRear_tire</mnemonic>
        </value>
        <value>
          <num>12</num>
          <!-- (0x0c) -->
          <mnemonic>Train_InsideLeftRear_tire</mnemonic>
        </value>
        <value>
          <num>13</num>
          <!-- (0x0d) -->
          <mnemonic>Training_Complete</mnemonic>
        </value>
        <value>
          <num>14</num>
          <!-- (0x0e) -->
          <mnemonic>Tires_not_trained</mnemonic>
        </value>
      </decodeValues>
    </vde>
  </vdGroup>
  <vdGroup>
    <name>UTCMONTH</name>
    <msgID>6</msgID>
    <minInterval>0</minInterval>
    <vde>
      <qualifyingParentTypeName>SHIFTEDGPSINFO</qualifyingParentTypeName>
      <name>UTCMONTH</name>
      <startBitOffset>28</startBitOffset>
      <bitSize>4</bitSize>
      <resolution>1.0</resolution>
      <valueOffset>1</valueOffset>
      <minValue>1</minValue>
      <maxValue>12</maxValue>
      <units>Month</units>
    </vde>
  </vdGroup>
  <vdGroup>
    <name>UTCTIMEDAY</name>
    <msgID>5</msgID>
    <minInterval>0</minInterval>
    <vde>
      <name>UTCTIMEDAY</name>
      <startBitOffset>27</startBitOffset>
      <bitSize>5</bitSize>
      <resolution>1.0</resolution>
      <valueOffset>1</valueOffset>
      <minValue>1</minValue>
      <maxValue>31</maxValue>
      <units>Day</units>
    </vde>
  </vdGroup>
  <vdGroup>
    <name>UTCTIMEHOURS</name>
    <msgID>1</msgID>
    <minInterval>0</minInterval>
    <vde>
      <name>UTCTIMEHOURS</name>
      <startBitOffset>27</startBitOffset>
      <bitSize>5</bitSize>
      <resolution>1.0</resolution>
      <valueOffset>0</valueOffset>
      <minValue>0</minValue>
      <maxValue>23</maxValue>
      <units>hour</units>
    </vde>
  </vdGroup>
  <vdGroup>
    <name>UTCTIMEMINUTES</name>
    <msgID>2</msgID>
    <minInterval>0</minInterval>
    <vde>
      <name>UTCTIMEMINUTES</name>
      <startBitOffset>26</startBitOffset>
      <bitSize>6</bitSize>
      <resolution>1.0</resolution>
      <valueOffset>0</valueOffset>
      <minValue>0</minValue>
      <maxValue>59</maxValue>
      <units>minute</units>
    </vde>
  </vdGroup>
  <vdGroup>
    <name>UTCTIMESECONDS</name>
    <msgID>3</msgID>
    <minInterval>0</minInterval>
    <vde>
      <name>UTCTIMESECONDS</name>
      <startBitOffset>26</startBitOffset>
      <bitSize>6</bitSize>
      <resolution>1.0</resolution>
      <valueOffset>0</valueOffset>
      <minValue>0</minValue>
      <maxValue>59</maxValue>
      <units>second</units>
    </vde>
  </vdGroup>
  <vdGroup>
    <name>UTCYEAR</name>
    <msgID>7</msgID>
    <minInterval>0</minInterval>
    <vde>
      <qualifyingParentTypeName>SHIFTEDGPSINFO</qualifyingParentTypeName>
      <name>UTCYEAR</name>
      <startBitOffset>26</startBitOffset>
      <bitSize>6</bitSize>
      <resolution>1.0</resolution>
      <valueOffset>2014</valueOffset>
      <minValue>2014</minValue>
      <maxValue>2077</maxValue>
      <units>Year</units>
    </vde>
  </vdGroup>
  <vdGroup>
    <name>VEH_LOCK_STATUS</name>
    <msgID>2574</msgID>
    <minInterval>0</minInterval>
    <vde>
      <name>VEH_LOCK_STATUS</name>
      <startBitOffset>30</startBitOffset>
      <bitSize>2</bitSize>
      <resolution>1.0</resolution>
      <valueOffset>0.0</valueOffset>
      <minValue>0.0</minValue>
      <maxValue>3.0</maxValue>
      <units>SED</units>
      <decodeValues>
        <value>
          <num>0</num>
          <!-- (0x00) -->
          <mnemonic>LOCK_DBL</mnemonic>
        </value>
        <value>
          <num>1</num>
          <!-- (0x01) -->
          <mnemonic>LOCK_ALL</mnemonic>
        </value>
        <value>
          <num>2</num>
          <!-- (0x02) -->
          <mnemonic>UNLOCK_ALL</mnemonic>
        </value>
        <value>
          <num>3</num>
          <!-- (0x03) -->
          <mnemonic>UNLOCK_DRV</mnemonic>
        </value>
      </decodeValues>
    </vde>
  </vdGroup>
  <vdGroup>
    <name>VEH_V_ACTLENG</name>
    <msgID>2577</msgID>
    <minInterval>0</minInterval>
    <vde>
      <name>VEH_V_ACTLENG</name>
      <startBitOffset>16</startBitOffset>
      <bitSize>16</bitSize>
      <resolution>0.01</resolution>
      <valueOffset>0.0</valueOffset>
      <minValue>0.0</minValue>
      <maxValue>655.35</maxValue>
      <units>kilometers / hr</units>
    </vde>
  </vdGroup>
  <vdGroup>
    <name>VEHKEYACTV_D_STAT</name>
    <msgID>2593</msgID>
    <minInterval>0</minInterval>
    <vde>
      <name>VEHKEYACTV_D_STAT</name>
      <startBitOffset>28</startBitOffset>
      <bitSize>4</bitSize>
      <resolution>1.0</resolution>
      <valueOffset>0.0</valueOffset>
      <minValue>0.0</minValue>
      <maxValue>15.0</maxValue>
      <units>SED</units>
      <decodeValues>
        <value>
          <num>0</num>
          <!-- (0x00) -->
          <mnemonic>NoKeyActive</mnemonic>
        </value>
        <value>
          <num>1</num>
          <!-- (0x01) -->
          <mnemonic>Key1Active</mnemonic>
        </value>
        <value>
          <num>2</num>
          <!-- (0x02) -->
          <mnemonic>Key2Active</mnemonic>
        </value>
        <value>
          <num>3</num>
          <!-- (0x03) -->
          <mnemonic>Key3Active</mnemonic>
        </value>
        <value>
          <num>4</num>
          <!-- (0x04) -->
          <mnemonic>Key4Active</mnemonic>
        </value>
        <value>
          <num>5</num>
          <!-- (0x05) -->
          <mnemonic>Key5Active</mnemonic>
        </value>
        <value>
          <num>6</num>
          <!-- (0x06) -->
          <mnemonic>Key6Active</mnemonic>
        </value>
        <value>
          <num>7</num>
          <!-- (0x07) -->
          <mnemonic>Key7Active</mnemonic>
        </value>
        <value>
          <num>8</num>
          <!-- (0x08) -->
          <mnemonic>Key8Active</mnemonic>
        </value>
        <value>
          <num>9</num>
          <!-- (0x09) -->
          <mnemonic>NotUsed1</mnemonic>
        </value>
        <value>
          <num>10</num>
          <!-- (0x0a) -->
          <mnemonic>NotUsed2</mnemonic>
        </value>
        <value>
          <num>11</num>
          <!-- (0x0b) -->
          <mnemonic>NotUsed3</mnemonic>
        </value>
        <value>
          <num>12</num>
          <!-- (0x0c) -->
          <mnemonic>NotUsed4</mnemonic>
        </value>
        <value>
          <num>13</num>
          <!-- (0x0d) -->
          <mnemonic>NotUsed5</mnemonic>
        </value>
        <value>
          <num>14</num>
          <!-- (0x0e) -->
          <mnemonic>NotUsed6</mnemonic>
        </value>
        <value>
          <num>15</num>
          <!-- (0x0f) -->
          <mnemonic>NotUsed7</mnemonic>
        </value>
      </decodeValues>
    </vde>
  </vdGroup>
  <vdGroup>
    <name>VELOCITY</name>
    <msgID>10</msgID>
    <minInterval>0</minInterval>
    <vde>
      <name>VELOCITY</name>
      <startBitOffset>20</startBitOffset>
      <bitSize>12</bitSize>
      <resolution>0.1</resolution>
      <valueOffset>0</valueOffset>
      <minValue>0.0</minValue>
      <maxValue>409.5</maxValue>
      <units>km/h</units>
    </vde>
  </vdGroup>
</vdeMap>