<?xml version="1.0" encoding="Windows-1252"?>
<vdeMap>
  <!-- all vde values are decoded as numeric values, unless otherwise specified using "decodeValueAs=hex" or "decodeValueAs=ascii" tag -->
  <!-- all vde values are published only-when-changed, unless otherwise specified using "publishOnlyWhenChanged=false" tag -->
  <vehicle>
    <model>TCU_VSTAT_VEH_XXX</model>
  </vehicle>
  <vdGroup>
    <name>VEH_LOCK_STATUS</name>
    <msgID>0x0003</msgID>
    <minInterval>0</minInterval>
    <vde>
      <name>VEH_LOCK_STATUS</name>
      <startBitOffset>30</startBitOffset>
      <bitSize>2</bitSize>
      <resolution>1.0</resolution>
      <valueOffset>0</valueOffset>
      <minValue>0</minValue>
      <maxValue>3</maxValue>
      <units>SED</units>
      <decodeValues>
        <value>
          <num>0</num>
          <mnemonic>LOCK_DBL</mnemonic>
        </value>
        <value>
          <num>1</num>
          <mnemonic>LOCK_ALL</mnemonic>
        </value>
        <value>
          <num>2</num>
          <mnemonic>UNLOCK_ALL</mnemonic>
        </value>
        <value>
          <num>3</num>
          <mnemonic>UNLOCK_DRV</mnemonic>
        </value>
      </decodeValues>
    </vde>
  </vdGroup>

  <vdGroup>
    <name>PWPCKTQ_D_STAT</name>
    <msgID>0x0004</msgID>
    <minInterval>0</minInterval>
    <vde>
      <name>PWPCKTQ_D_STAT</name>
      <startBitOffset>30</startBitOffset>
      <bitSize>2</bitSize>
      <resolution>1.0</resolution>
      <valueOffset>0</valueOffset>
      <minValue>0</minValue>
      <maxValue>3</maxValue>
      <units>SED</units>
      <decodeValues>
        <value>
          <num>0</num>
          <mnemonic>PwPckOff_TqNotAvailable</mnemonic>
        </value>
        <value>
          <num>1</num>
          <mnemonic>PwPckOn_TqNotAvailable</mnemonic>
        </value>
        <value>
          <num>2</num>
          <mnemonic>StartInPrgrss_TqNotAvail</mnemonic>
        </value>
        <value>
          <num>3</num>
          <mnemonic>PwPckOn_TqAvailable</mnemonic>
        </value>
      </decodeValues>
    </vde>
  </vdGroup>

  <vdGroup>
    <name>REMOTE_DEVICE_FEEDBACK</name>
    <msgID>0x0005</msgID>
    <minInterval>0</minInterval>
    <vde>
      <name>REMOTE_DEVICE_FEEDBACK</name>
      <startBitOffset>29</startBitOffset>
      <bitSize>3</bitSize>
      <resolution>1.0</resolution>
      <valueOffset>0</valueOffset>
      <minValue>0</minValue>
      <maxValue>7</maxValue>
      <units>SED</units>
      <decodeValues>
        <value>
          <num>0</num>
          <mnemonic>Null</mnemonic>
        </value>
        <value>
          <num>1</num>
          <mnemonic>Acknowledge</mnemonic>
        </value>
        <value>
          <num>2</num>
          <mnemonic>Starting</mnemonic>
        </value>
        <value>
          <num>3</num>
          <mnemonic>Running</mnemonic>
        </value>
        <value>
          <num>4</num>
          <mnemonic>Shutdown</mnemonic>
        </value>
        <value>
          <num>5</num>
          <mnemonic>Unused1</mnemonic>
        </value>
        <value>
          <num>6</num>
          <mnemonic>Unused2</mnemonic>
        </value>
        <value>
          <num>7</num>
          <mnemonic>Unused3</mnemonic>
        </value>
      </decodeValues>
    </vde>
  </vdGroup>

  <vdGroup>
    <name>RSTRTSETTING_T_ACTL</name>
    <msgID>0x0006</msgID>
    <minInterval>0</minInterval>
    <vde>
      <name>RSTRTSETTING_T_ACTL</name>
      <startBitOffset>21</startBitOffset>
      <bitSize>11</bitSize>
      <resolution>1.0</resolution>
      <valueOffset>0</valueOffset>
      <minValue>0</minValue>
      <maxValue>2047</maxValue>
      <units>seconds</units>
    </vde>
  </vdGroup>

  <vdGroup>
    <name>RSTRT_T_ACTL</name>
    <msgID>0x0007</msgID>
    <minInterval>0</minInterval>
    <vde>
      <name>RSTRT_T_ACTL</name>
      <startBitOffset>16</startBitOffset>
      <bitSize>16</bitSize>
      <resolution>1.0</resolution>
      <valueOffset>0</valueOffset>
      <minValue>0</minValue>
      <maxValue>65535</maxValue>
      <units>seconds</units>
    </vde>
  </vdGroup>

  <vdGroup>
    <name>BATTULO_U_ACTL</name>
    <msgID>0x0008</msgID>
    <minInterval>0</minInterval>
    <vde>
      <name>BATTULO_U_ACTL</name>
      <startBitOffset>24</startBitOffset>
      <bitSize>8</bitSize>
      <resolution>0.0625</resolution>
      <valueOffset>0</valueOffset>
      <minValue>0</minValue>
      <maxValue>15.9375</maxValue>
      <units>Volt</units>
      <decodeValues>
        <value>
          <num>255</num>
          <mnemonic>Fault</mnemonic>
        </value>
      </decodeValues>
    </vde>
  </vdGroup>

  <vdGroup>
    <name>TIRE_PRESS_SYSTEM_STAT</name>
    <msgID>0x0009</msgID>
    <minInterval>0</minInterval>
    <vde>
      <name>TIRE_PRESS_SYSTEM_STAT</name>
      <startBitOffset>28</startBitOffset>
      <bitSize>4</bitSize>
      <resolution>1.0</resolution>
      <valueOffset>0</valueOffset>
      <minValue>0</minValue>
      <maxValue>15</maxValue>
      <units>SED</units>
      <decodeValues>
        <value>
          <num>0</num>
          <mnemonic>Unknown_Composite_Stat</mnemonic>
        </value>
        <value>
          <num>1</num>
          <mnemonic>Systm_Fault_Composite_Stat</mnemonic>
        </value>
        <value>
          <num>2</num>
          <mnemonic>Sensr_Fault_Composite_Stat</mnemonic>
        </value>
        <value>
          <num>3</num>
          <mnemonic>Low_Composite_Stat</mnemonic>
        </value>
        <value>
          <num>4</num>
          <mnemonic>Systm_Activ_Composite_Stat</mnemonic>
        </value>
        <value>
          <num>5</num>
          <mnemonic>Train_LeftFront_tire</mnemonic>
        </value>
        <value>
          <num>6</num>
          <mnemonic>Train_RightFront_tire</mnemonic>
        </value>
        <value>
          <num>7</num>
          <mnemonic>Train_RightRear_tire</mnemonic>
        </value>
        <value>
          <num>8</num>
          <mnemonic>Train_OutsideRtRear_tire</mnemonic>
        </value>
        <value>
          <num>9</num>
          <mnemonic>Train_InsideRtRear_tire</mnemonic>
        </value>
        <value>
          <num>0x0a</num>
          <mnemonic>Train_LeftRear_tire</mnemonic>
        </value>
        <value>
          <num>0x0b</num>
          <mnemonic>Train_OutsideLeftRear_tire</mnemonic>
        </value>
        <value>
          <num>0x0c</num>
          <mnemonic>Train_InsideLeftRear_tire</mnemonic>
        </value>
        <value>
          <num>0x0d</num>
          <mnemonic>Training_Complete</mnemonic>
        </value>
        <value>
          <num>0x0e</num>
          <mnemonic>Tires_not_trained</mnemonic>
        </value>
      </decodeValues>
    </vde>
  </vdGroup>

  <vdGroup>
    <name>GEARLVRPOS_D_ACTL</name>
    <msgID>0x000A</msgID>
    <minInterval>0</minInterval>
    <vde>
      <name>GEARLVRPOS_D_ACTL</name>
      <startBitOffset>28</startBitOffset>
      <bitSize>4</bitSize>
      <resolution>1.0</resolution>
      <valueOffset>0</valueOffset>
      <minValue>0</minValue>
      <maxValue>15</maxValue>
      <units>SED</units>
      <decodeValues>
        <value>
          <num>0</num>
          <mnemonic>Park</mnemonic>
        </value>
        <value>
          <num>1</num>
          <mnemonic>Reverse</mnemonic>
        </value>
        <value>
          <num>2</num>
          <mnemonic>Neutral</mnemonic>
        </value>
        <value>
          <num>3</num>
          <mnemonic>Drive</mnemonic>
        </value>
        <value>
          <num>4</num>
          <mnemonic>Sport_DriveSport</mnemonic>
        </value>
        <value>
          <num>5</num>
          <mnemonic>Low</mnemonic>
        </value>
        <value>
          <num>6</num>
          <mnemonic>first</mnemonic>
        </value>
        <value>
          <num>7</num>
          <mnemonic>second</mnemonic>
        </value>
        <value>
          <num>8</num>
          <mnemonic>third</mnemonic>
        </value>
        <value>
          <num>9</num>
          <mnemonic>fourth</mnemonic>
        </value>
        <value>
          <num>0x0A</num>
          <mnemonic>fifth</mnemonic>
        </value>
        <value>
          <num>0x0B</num>
          <mnemonic>sixth</mnemonic>
        </value>
        <value>
          <num>0x0C</num>
          <mnemonic>Undefined_Treat_as_Fault</mnemonic>
        </value>
        <value>
          <num>0x0D</num>
          <mnemonic>Undefined_Treat_as__Fault</mnemonic>
        </value>
        <value>
          <num>0x0E</num>
          <mnemonic>Unknown_Position</mnemonic>
        </value>
      </decodeValues>
    </vde>
  </vdGroup>

  <vdGroup>
    <name>IGNITION_STATUS</name>
    <msgID>0x000B</msgID>
    <minInterval>0</minInterval>
    <vde>
      <name>IGNITION_STATUS</name>
      <startBitOffset>28</startBitOffset>
      <bitSize>4</bitSize>
      <resolution>1.0</resolution>
      <valueOffset>0</valueOffset>
      <minValue>0</minValue>
      <maxValue>15</maxValue>
      <units>SED</units>
      <decodeValues>
        <value>
          <num>0</num>
          <mnemonic>Unknown</mnemonic>
        </value>
        <value>
          <num>0x01</num>
          <mnemonic>Off</mnemonic>
        </value>
        <value>
          <num>0x02</num>
          <mnemonic>Accessory</mnemonic>
        </value>
        <value>
          <num>0x04</num>
          <mnemonic>Run</mnemonic>
        </value>
        <value>
          <num>0x08</num>
          <mnemonic>Start</mnemonic>
        </value>
        <value>
          <num>0x0f</num>
          <mnemonic>Invalid</mnemonic>
        </value>
      </decodeValues>
    </vde>
  </vdGroup>

  <vdGroup>
    <name>PERIMETER_ALARM_STATUS</name>
    <msgID>12</msgID>
    <minInterval>0</minInterval>
    <vde>
      <name>PERIMETER_ALARM_STATUS</name>
      <startBitOffset>30</startBitOffset>
      <bitSize>2</bitSize>
      <resolution>1.0</resolution>
      <valueOffset>0</valueOffset>
      <minValue>0</minValue>
      <maxValue>3</maxValue>
      <units>SED</units>
      <decodeValues>
        <value>
          <num>0x00</num>
          <mnemonic>Disarmed</mnemonic>
        </value>
        <value>
          <num>0x01</num>
          <mnemonic>Prearmed</mnemonic>
        </value>
        <value>
          <num>0x02</num>
          <mnemonic>Armed</mnemonic>
        </value>
        <value>
          <num>0x03</num>
          <mnemonic>Activated</mnemonic>
        </value>
      </decodeValues>
    </vde>
  </vdGroup>

  <vdGroup>
    <name>PRMTRALRMEVNT_D_STAT</name>
    <msgID>13</msgID>
    <minInterval>0</minInterval>
    <vde>
      <name>PRMTRALRMEVNT_D_STAT</name>
      <startBitOffset>28</startBitOffset>
      <bitSize>4</bitSize>
      <resolution>1.0</resolution>
      <valueOffset>0</valueOffset>
      <minValue>0</minValue>
      <maxValue>15</maxValue>
      <units>SED</units>
      <decodeValues>
        <value>
          <num>0x00</num>
          <mnemonic>Null</mnemonic>
        </value>
        <value>
          <num>0x01</num>
          <mnemonic>DF_Door</mnemonic>
        </value>
        <value>
          <num>0x02</num>
          <mnemonic>DR_Door</mnemonic>
        </value>
        <value>
          <num>0x03</num>
          <mnemonic>PF_Door</mnemonic>
        </value>
        <value>
          <num>0x04</num>
          <mnemonic>PR_Door</mnemonic>
        </value>
        <value>
          <num>0x05</num>
          <mnemonic>Hood</mnemonic>
        </value>
        <value>
          <num>0x06</num>
          <mnemonic>Decklid</mnemonic>
        </value>
        <value>
          <num>0x07</num>
          <mnemonic>LG_Door</mnemonic>
        </value>
        <value>
          <num>0x08</num>
          <mnemonic>Ign_Tamper</mnemonic>
        </value>
        <value>
          <num>0x09</num>
          <mnemonic>Inclination</mnemonic>
        </value>
        <value>
          <num>0x0a</num>
          <mnemonic>Intrusion</mnemonic>
        </value>
        <value>
          <num>0x0b</num>
          <mnemonic>Panic</mnemonic>
        </value>
        <value>
          <num>0x0c</num>
          <mnemonic>Post_Crash</mnemonic>
        </value>
        <value>
          <num>0x0d</num>
          <mnemonic>Shock_Sensor</mnemonic>
        </value>
        <value>
          <num>0x0e</num>
          <mnemonic>Trailer</mnemonic>
        </value>
        <value>
          <num>0x0f</num>
          <mnemonic>NotUsed</mnemonic>
        </value>
      </decodeValues>
    </vde>
  </vdGroup>

  <vdGroup>
    <name>FUELLVL_PC_DSPLY</name>
    <msgID>14</msgID>
    <minInterval>0</minInterval>
    <vde>
      <name>FUELLVL_PC_DSPLY</name>
      <startBitOffset>22</startBitOffset>
      <bitSize>10</bitSize>
      <resolution>0.108696</resolution>
      <valueOffset>-5.217408</valueOffset>
      <minValue>-5.217408</minValue>
      <maxValue>105.9786</maxValue>
      <units>%</units>
    </vde>
  </vdGroup>

  <vdGroup>
    <name>ENGOILLIFE_PC_ACTL</name>
    <msgID>15</msgID>
    <minInterval>0</minInterval>
    <vde>
      <name>ENGOILLIFE_PC_ACTL</name>
      <startBitOffset>25</startBitOffset>
      <bitSize>7</bitSize>
      <resolution>1.0</resolution>
      <valueOffset>0</valueOffset>
      <minValue>0</minValue>
      <maxValue>100</maxValue>
      <units>Percent</units>
    </vde>
  </vdGroup>

  <vdGroup>
    <name>VEH_V_ACTLENG</name>
    <msgID>16</msgID>
    <minInterval>0</minInterval>
    <vde>
      <name>VEH_V_ACTLENG</name>
      <startBitOffset>16</startBitOffset>
      <bitSize>16</bitSize>
      <resolution>0.01</resolution>
      <valueOffset>0</valueOffset>
      <minValue>0</minValue>
      <maxValue>655.35</maxValue>
      <units>kilometers / hr</units>
    </vde>
  </vdGroup>

  <vdGroup>
    <name>FUELRANGE_L_DSPLY</name>
    <msgID>17</msgID>
    <minInterval>0</minInterval>
    <vde>
      <name>FUELRANGE_L_DSPLY</name>
      <startBitOffset>18</startBitOffset>
      <bitSize>14</bitSize>
      <resolution>0.1</resolution>
      <valueOffset>0</valueOffset>
      <minValue>0</minValue>
      <maxValue>1683.3</maxValue>
      <units>km</units>
    </vde>
  </vdGroup>

  <vdGroup>
    <name>ODOMETERMASTERVALUE</name>
    <msgID>18</msgID>
    <minInterval>0</minInterval>
    <vde>
      <name>ODOMETERMASTERVALUE</name>
      <startBitOffset>8</startBitOffset>
      <bitSize>24</bitSize>
      <resolution>1.0</resolution>
      <valueOffset>0</valueOffset>
      <minValue>0</minValue>
      <maxValue>16777214</maxValue>
      <units>km</units>
      <decodeValues>
        <value>
          <num>16777215</num>
          <mnemonic>Invalid_value</mnemonic>
        </value>
      </decodeValues>
    </vde>
  </vdGroup>

  <vdGroup>
    <name>PEPSKEYACTV_D_STAT</name>
    <msgID>20</msgID>
    <minInterval>0</minInterval>
    <vde>
      <name>PEPSKEYACTV_D_STAT</name>
      <startBitOffset>28</startBitOffset>
      <bitSize>4</bitSize>
      <resolution>1.0</resolution>
      <valueOffset>0</valueOffset>
      <minValue>0</minValue>
      <maxValue>15</maxValue>
      <units>SED</units>
      <decodeValues>
        <value>
          <num>0x00</num>
          <mnemonic>NoKeyActive</mnemonic>
        </value>
        <value>
          <num>0x01</num>
          <mnemonic>Key1Active</mnemonic>
        </value>
        <value>
          <num>0x02</num>
          <mnemonic>Key2Active</mnemonic>
        </value>
        <value>
          <num>0x03</num>
          <mnemonic>NotUsed1</mnemonic>
        </value>
        <value>
          <num>0x04</num>
          <mnemonic>Key3Active</mnemonic>
        </value>
        <value>
          <num>0x05</num>
          <mnemonic>NotUsed2</mnemonic>
        </value>
        <value>
          <num>0x06</num>
          <mnemonic>NotUsed3</mnemonic>
        </value>
        <value>
          <num>0x07</num>
          <mnemonic>NotUsed4</mnemonic>
        </value>
        <value>
          <num>0x08</num>
          <mnemonic>Key4Active</mnemonic>
        </value>
        <value>
          <num>0x09</num>
          <mnemonic>NotUsed5</mnemonic>
        </value>
        <value>
          <num>0x0a</num>
          <mnemonic>NotUsed6</mnemonic>
        </value>
        <value>
          <num>0x0b</num>
          <mnemonic>NotUsed7</mnemonic>
        </value>
        <value>
          <num>0x0c</num>
          <mnemonic>NotUsed8</mnemonic>
        </value>
        <value>
          <num>0x0d</num>
          <mnemonic>NotUsed9</mnemonic>
        </value>
        <value>
          <num>0x0e</num>
          <mnemonic>NotUsed10</mnemonic>
        </value>
        <value>
          <num>0x0f</num>
          <mnemonic>NotUsed11</mnemonic>
        </value>
      </decodeValues>
    </vde>
  </vdGroup>

  <vdGroup>
    <name>LIFECYCMDE_D_ACTL</name>
    <msgID>92</msgID>
    <minInterval>0</minInterval>
    <vde>
      <name>LIFECYCMDE_D_ACTL</name>
      <startBitOffset>28</startBitOffset>
      <bitSize>4</bitSize>
      <resolution>1.0</resolution>
      <valueOffset>0</valueOffset>
      <minValue>0</minValue>
      <maxValue>3</maxValue>
      <units>SED</units>
      <decodeValues>
        <value>
          <num>0x00</num>
          <mnemonic>Normal</mnemonic>
        </value>
        <value>
          <num>0x01</num>
          <mnemonic>Factory</mnemonic>
        </value>
        <value>
          <num>0x02</num>
          <mnemonic>NotUsed</mnemonic>
        </value>
        <value>
          <num>0x03</num>
          <mnemonic>Transport</mnemonic>
        </value>
      </decodeValues>
    </vde>
  </vdGroup>

  <vdGroup>
    <name>VEHKEYACTV_D_STAT</name>
    <msgID>93</msgID>
    <minInterval>0</minInterval>
    <vde>
      <name>VEHKEYACTV_D_STAT</name>
      <startBitOffset>28</startBitOffset>
      <bitSize>4</bitSize>
      <resolution>1.0</resolution>
      <valueOffset>0</valueOffset>
      <minValue>0</minValue>
      <maxValue>15</maxValue>
      <units>SED</units>
      <decodeValues>
        <value>
          <num>0x00</num>
          <mnemonic>NoKeyActive</mnemonic>
        </value>
        <value>
          <num>0x01</num>
          <mnemonic>Key1Active</mnemonic>
        </value>
        <value>
          <num>0x02</num>
          <mnemonic>Key2Active</mnemonic>
        </value>
        <value>
          <num>0x03</num>
          <mnemonic>Key3Active</mnemonic>
        </value>
        <value>
          <num>0x04</num>
          <mnemonic>Key4Active</mnemonic>
        </value>
        <value>
          <num>0x05</num>
          <mnemonic>Key5Active</mnemonic>
        </value>
        <value>
          <num>0x06</num>
          <mnemonic>Key6Active</mnemonic>
        </value>
        <value>
          <num>0x07</num>
          <mnemonic>Key7Active</mnemonic>
        </value>
        <value>
          <num>0x08</num>
          <mnemonic>Key8Active</mnemonic>
        </value>
        <value>
          <num>0x09</num>
          <mnemonic>NotUsed1</mnemonic>
        </value>
        <value>
          <num>0x0a</num>
          <mnemonic>NotUsed2</mnemonic>
        </value>
        <value>
          <num>0x0b</num>
          <mnemonic>NotUsed3</mnemonic>
        </value>
        <value>
          <num>0x0c</num>
          <mnemonic>NotUsed4</mnemonic>
        </value>
        <value>
          <num>0x0d</num>
          <mnemonic>NotUsed5</mnemonic>
        </value>
        <value>
          <num>0x0e</num>
          <mnemonic>NotUsed6</mnemonic>
        </value>
        <value>
          <num>0x0f</num>
          <mnemonic>NotUsed7</mnemonic>
        </value>
      </decodeValues>
    </vde>
  </vdGroup>

  <vdGroup>
    <name>GPS_COMPASS_DIRECTION</name>
    <msgID>1904</msgID>
    <minInterval>0</minInterval>
    <vde>
      <name>GPS_COMPASS_DIRECTION</name>
      <startBitOffset>28</startBitOffset>
      <bitSize>4</bitSize>
      <resolution>1.0</resolution>
      <valueOffset>0</valueOffset>
      <minValue>0</minValue>
      <maxValue>7</maxValue>
      <units>SED</units>
      <decodeValues>
        <value>
          <num>0</num>
          <mnemonic>North</mnemonic>
        </value>
        <value>
          <num>1</num>
          <mnemonic>NorthEast</mnemonic>
        </value>
        <value>
          <num>2</num>
          <mnemonic>East</mnemonic>
        </value>
        <value>
          <num>3</num>
          <mnemonic>SouthEast</mnemonic>
        </value>
        <value>
          <num>4</num>
          <mnemonic>South</mnemonic>
        </value>
        <value>
          <num>5</num>
          <mnemonic>SouthWest</mnemonic>
        </value>
        <value>
          <num>6</num>
          <mnemonic>West</mnemonic>
        </value>
        <value>
          <num>7</num>
          <mnemonic>NorthWest</mnemonic>
        </value>
      </decodeValues>
    </vde>
  </vdGroup>

  <vdGroup>
    <name>GPS_MSL_ALTITUDE</name>
    <msgID>1905</msgID>
    <minInterval>0</minInterval>
    <vde>
      <name>GPS_MSL_ALTITUDE</name>
      <startBitOffset>20</startBitOffset>
      <bitSize>12</bitSize>
      <resolution>10</resolution>
      <valueOffset>-20460</valueOffset>
      <minValue>-20460</minValue>
      <maxValue>20460</maxValue>
      <units>feet</units>
      <decodeValues>
        <value>
          <num>4094</num>
          <mnemonic>Unknown</mnemonic>
        </value>
        <value>
          <num>4095</num>
          <mnemonic>Invalid</mnemonic>
        </value>
      </decodeValues>
    </vde>
  </vdGroup>

  <vdGroup>
    <name>GPSHSPHLONGEAST_D_ACTL</name>
    <msgID>1906</msgID>
    <minInterval>0</minInterval>
    <vde>
      <name>GPSHSPHLONGEAST_D_ACTL</name>
      <startBitOffset>30</startBitOffset>
      <bitSize>2</bitSize>
      <resolution>1.0</resolution>
      <valueOffset>0</valueOffset>
      <minValue>0</minValue>
      <maxValue>3</maxValue>
      <units>SED</units>
      <decodeValues>
        <value>
          <num>0x00</num>
          <mnemonic>Invalid</mnemonic>
        </value>
        <value>
          <num>0x01</num>
          <mnemonic>Eastern</mnemonic>
        </value>
        <value>
          <num>0x02</num>
          <mnemonic>Western</mnemonic>
        </value>
        <value>
          <num>0x03</num>
          <mnemonic>Fault</mnemonic>
        </value>
      </decodeValues>
    </vde>
  </vdGroup>

  <vdGroup>
    <name>GPSHSPHLATTSTH_D_ACTL</name>
    <msgID>1907</msgID>
    <minInterval>0</minInterval>
    <vde>
      <name>GPSHSPHLATTSTH_D_ACTL</name>
      <startBitOffset>30</startBitOffset>
      <bitSize>2</bitSize>
      <resolution>1.0</resolution>
      <valueOffset>0</valueOffset>
      <minValue>0</minValue>
      <maxValue>3</maxValue>
      <units>SED</units>
      <decodeValues>
        <value>
          <num>0x00</num>
          <mnemonic>Invalid</mnemonic>
        </value>
        <value>
          <num>0x01</num>
          <mnemonic>Southern</mnemonic>
        </value>
        <value>
          <num>0x02</num>
          <mnemonic>Northern</mnemonic>
        </value>
        <value>
          <num>0x03</num>
          <mnemonic>Fault</mnemonic>
        </value>
      </decodeValues>
    </vde>
  </vdGroup>

  <vdGroup>
    <name>GPS_B_FALT</name>
    <msgID>1908</msgID>
    <minInterval>0</minInterval>
    <vde>
      <name>GPS_B_FALT</name>
      <startBitOffset>31</startBitOffset>
      <bitSize>1</bitSize>
      <resolution>1.0</resolution>
      <valueOffset>0</valueOffset>
      <minValue>0</minValue>
      <maxValue>1</maxValue>
      <units>SED</units>
      <decodeValues>
        <value>
          <num>0x00</num>
          <mnemonic>No</mnemonic>
        </value>
        <value>
          <num>0x01</num>
          <mnemonic>Yes</mnemonic>
        </value>
      </decodeValues>
    </vde>
  </vdGroup>

  <vdGroup>
    <name>GPS_HEADING</name>
    <msgID>1909</msgID>
    <minInterval>0</minInterval>
    <vde>
      <name>GPS_HEADING</name>
      <startBitOffset>16</startBitOffset>
      <bitSize>16</bitSize>
      <resolution>0.01</resolution>
      <valueOffset>0</valueOffset>
      <minValue>0</minValue>
      <maxValue>655.33</maxValue>
      <units>Degrees</units>
      <decodeValues>
        <value>
          <num>65534</num>
          <mnemonic>Unknown</mnemonic>
        </value>
        <value>
          <num>65535</num>
          <mnemonic>Invalid</mnemonic>
        </value>
      </decodeValues>
    </vde>
  </vdGroup>

  <vdGroup>
    <name>GPS_SPEED</name>
    <msgID>1910</msgID>
    <minInterval>0</minInterval>
    <vde>
      <name>GPS_SPEED</name>
      <startBitOffset>24</startBitOffset>
      <bitSize>8</bitSize>
      <resolution>1.0</resolution>
      <valueOffset>0</valueOffset>
      <minValue>0</minValue>
      <maxValue>253</maxValue>
      <units>MPH</units>
      <decodeValues>
        <value>
          <num>255</num>
          <mnemonic>Invalid</mnemonic>
        </value>
        <value>
          <num>254</num>
          <mnemonic>Unknown</mnemonic>
        </value>
      </decodeValues>
    </vde>
  </vdGroup>

  <vdGroup>
    <name>GPS_ACTUAL_VS_INFER_POS</name>
    <msgID>1911</msgID>
    <minInterval>0</minInterval>
    <vde>
      <name>GPS_ACTUAL_VS_INFER_POS</name>
      <startBitOffset>31</startBitOffset>
      <bitSize>1</bitSize>
      <resolution>1.0</resolution>
      <valueOffset>0</valueOffset>
      <minValue>0</minValue>
      <maxValue>1</maxValue>
      <units>SED</units>
      <decodeValues>
        <value>
          <num>0x00</num>
          <mnemonic>Actual_Position</mnemonic>
        </value>
        <value>
          <num>0x01</num>
          <mnemonic>Inferred_Position</mnemonic>
        </value>
      </decodeValues>
    </vde>
  </vdGroup>

  <vdGroup>
    <name>GPS_DIMENSION</name>
    <msgID>1912</msgID>
    <minInterval>0</minInterval>
    <vde>
      <name>GPS_DIMENSION</name>
      <startBitOffset>29</startBitOffset>
      <bitSize>3</bitSize>
      <resolution>1.0</resolution>
      <valueOffset>0</valueOffset>
      <minValue>0</minValue>
      <maxValue>2</maxValue>
      <units>SED</units>
      <decodeValues>
        <value>
          <num>0x00</num>
          <mnemonic>No_Fix</mnemonic>
        </value>
        <value>
          <num>0x01</num>
          <mnemonic>_2D</mnemonic>
        </value>
        <value>
          <num>0x02</num>
          <mnemonic>_3D</mnemonic>
        </value>
      </decodeValues>
    </vde>
  </vdGroup>

  <vdGroup>
    <name>GPS_LATITUDE_DEGREES</name>
    <msgID>19101</msgID>
    <minInterval>0</minInterval>
    <vde>
      <name>GPS_LATITUDE_DEGREES</name>
      <startBitOffset>24</startBitOffset>
      <bitSize>8</bitSize>
      <resolution>1.0</resolution>
      <valueOffset>-89</valueOffset>
      <minValue>-89</minValue>
      <maxValue>89</maxValue>
      <units>Degrees</units>
      <decodeValues>
        <value>
          <num>255</num>
          <mnemonic>Invalid</mnemonic>
        </value>
        <value>
          <num>254</num>
          <mnemonic>Unknown</mnemonic>
        </value>
      </decodeValues>
    </vde>
  </vdGroup>

  <vdGroup>
    <name>GPS_LATITUDE_MIN_DEC</name>
    <msgID>19102</msgID>
    <minInterval>0</minInterval>
    <vde>
      <name>GPS_LATITUDE_MIN_DEC</name>
      <startBitOffset>18</startBitOffset>
      <bitSize>14</bitSize>
      <resolution>0.0001</resolution>
      <valueOffset>0</valueOffset>
      <minValue>0</minValue>
      <maxValue>0.9999</maxValue>
      <units>DecimalMinute</units>
      <decodeValues>
        <value>
          <num>16382</num>
          <mnemonic>Unknown</mnemonic>
        </value>
        <value>
          <num>16383</num>
          <mnemonic>Invalid</mnemonic>
        </value>
      </decodeValues>
    </vde>
  </vdGroup>

  <vdGroup>
    <name>GPS_LATITUDE_MINUTES</name>
    <msgID>19103</msgID>
    <minInterval>0</minInterval>
    <vde>
      <name>GPS_LATITUDE_MINUTES</name>
      <startBitOffset>26</startBitOffset>
      <bitSize>6</bitSize>
      <resolution>1.0</resolution>
      <valueOffset>0</valueOffset>
      <minValue>0</minValue>
      <maxValue>59</maxValue>
      <units>minute</units>
      <decodeValues>
        <value>
          <num>62</num>
          <mnemonic>Unknown</mnemonic>
        </value>
        <value>
          <num>63</num>
          <mnemonic>Invalid</mnemonic>
        </value>
      </decodeValues>
    </vde>
  </vdGroup>

  <vdGroup>
    <name>GPS_LONGITUDE_DEGREES</name>
    <msgID>19111</msgID>
    <minInterval>0</minInterval>
    <vde>
      <name>GPS_LONGITUDE_DEGREES</name>
      <startBitOffset>23</startBitOffset>
      <bitSize>9</bitSize>
      <resolution>1.0</resolution>
      <valueOffset>-179</valueOffset>
      <minValue>-179</minValue>
      <maxValue>179</maxValue>
      <units>Degrees</units>
      <decodeValues>
        <value>
          <num>510</num>
          <mnemonic>Unknown</mnemonic>
        </value>
        <value>
          <num>511</num>
          <mnemonic>Invalid</mnemonic>
        </value>
      </decodeValues>
    </vde>
  </vdGroup>

  <vdGroup>
    <name>GPS_LONGITUDE_MIN_DEC</name>
    <msgID>19112</msgID>
    <minInterval>0</minInterval>
    <vde>
      <name>GPS_LONGITUDE_MIN_DEC</name>
      <startBitOffset>18</startBitOffset>
      <bitSize>14</bitSize>
      <resolution>0.0001</resolution>
      <valueOffset>0</valueOffset>
      <minValue>0</minValue>
      <maxValue>0.9999</maxValue>
      <units>DecimalMinute</units>
      <decodeValues>
        <value>
          <num>16382</num>
          <mnemonic>Unknown</mnemonic>
        </value>
        <value>
          <num>16383</num>
          <mnemonic>Invalid</mnemonic>
        </value>
      </decodeValues>
    </vde>
  </vdGroup>

  <vdGroup>
    <name>GPS_LONGITUDE_MINUTES</name>
    <msgID>19113</msgID>
    <minInterval>0</minInterval>
    <vde>
      <name>GPS_LONGITUDE_MINUTES</name>
      <startBitOffset>26</startBitOffset>
      <bitSize>6</bitSize>
      <resolution>1.0</resolution>
      <valueOffset>0</valueOffset>
      <minValue>0</minValue>
      <maxValue>59</maxValue>
      <units>minute</units>
      <decodeValues>
        <value>
          <num>62</num>
          <mnemonic>Unknown</mnemonic>
        </value>
        <value>
          <num>63</num>
          <mnemonic>Invalid</mnemonic>
        </value>
      </decodeValues>
    </vde>
  </vdGroup>

  <vdGroup>
    <name>GPSUTCYR_NO_ACTL</name>
    <msgID>19121</msgID>
    <minInterval>0</minInterval>
    <vde>
      <name>GPSUTCYR_NO_ACTL</name>
      <startBitOffset>27</startBitOffset>
      <bitSize>5</bitSize>
      <resolution>1.0</resolution>
      <valueOffset>2010</valueOffset>
      <minValue>2010</minValue>
      <maxValue>2040</maxValue>
      <units>Year</units>
      <decodeValues>
        <value>
          <num>31</num>
          <mnemonic>Fault</mnemonic>
        </value>
      </decodeValues>
    </vde>
  </vdGroup>

  <vdGroup>
    <name>GPSUTCMNTH_NO_ACTL</name>
    <msgID>19122</msgID>
    <minInterval>0</minInterval>
    <vde>
      <name>GPSUTCMNTH_NO_ACTL</name>
      <startBitOffset>28</startBitOffset>
      <bitSize>4</bitSize>
      <resolution>1.0</resolution>
      <valueOffset>1</valueOffset>
      <minValue>1</minValue>
      <maxValue>12</maxValue>
      <units>Month</units>
      <decodeValues>
        <value>
          <num>15</num>
          <mnemonic>Fault</mnemonic>
        </value>
      </decodeValues>
    </vde>
  </vdGroup>

  <vdGroup>
    <name>GPSUTCDAY_NO_ACTL</name>
    <msgID>19123</msgID>
    <minInterval>0</minInterval>
    <vde>
      <name>GPSUTCDAY_NO_ACTL</name>
      <startBitOffset>27</startBitOffset>
      <bitSize>5</bitSize>
      <resolution>1.0</resolution>
      <valueOffset>1</valueOffset>
      <minValue>1</minValue>
      <maxValue>31</maxValue>
      <units>Day</units>
    </vde>
  </vdGroup>

  <vdGroup>
    <name>GPS_UTC_HOURS</name>
    <msgID>19124</msgID>
    <minInterval>0</minInterval>
    <vde>
      <name>GPS_UTC_HOURS</name>
      <startBitOffset>27</startBitOffset>
      <bitSize>5</bitSize>
      <resolution>1.0</resolution>
      <valueOffset>0</valueOffset>
      <minValue>0</minValue>
      <maxValue>23</maxValue>
      <units>hour</units>
      <decodeValues>
        <value>
          <num>30</num>
          <mnemonic>Unknown</mnemonic>
        </value>
        <value>
          <num>31</num>
          <mnemonic>Invalid</mnemonic>
        </value>
      </decodeValues>
    </vde>
  </vdGroup>

  <vdGroup>
    <name>GPS_UTC_MINUTES</name>
    <msgID>19125</msgID>
    <minInterval>0</minInterval>
    <vde>
      <name>GPS_UTC_MINUTES</name>
      <startBitOffset>26</startBitOffset>
      <bitSize>6</bitSize>
      <resolution>1.0</resolution>
      <valueOffset>0</valueOffset>
      <minValue>0</minValue>
      <maxValue>59</maxValue>
      <units>minute</units>
      <decodeValues>
        <value>
          <num>62</num>
          <mnemonic>Unknown</mnemonic>
        </value>
        <value>
          <num>63</num>
          <mnemonic>Invalid</mnemonic>
        </value>
      </decodeValues>
    </vde>
  </vdGroup>

  <vdGroup>
    <name>GPS_UTC_SECONDS</name>
    <msgID>19126</msgID>
    <minInterval>0</minInterval>
    <vde>
      <name>GPS_UTC_SECONDS</name>
      <startBitOffset>26</startBitOffset>
      <bitSize>6</bitSize>
      <resolution>1.0</resolution>
      <valueOffset>0</valueOffset>
      <minValue>0</minValue>
      <maxValue>59</maxValue>
      <units>second</units>
      <decodeValues>
        <value>
          <num>62</num>
          <mnemonic>Unknown</mnemonic>
        </value>
        <value>
          <num>63</num>
          <mnemonic>Invalid</mnemonic>
        </value>
      </decodeValues>
    </vde>
  </vdGroup>

  <vdGroup>
    <name>POSITION</name>
    <msgID>31415</msgID>
    <minInterval>0</minInterval>
    <vde>
      <name>POSITION</name>
      <startBitOffset>29</startBitOffset>
      <bitSize>3</bitSize>
      <resolution>1.0</resolution>
      <valueOffset>0</valueOffset>
      <minValue>0</minValue>
      <maxValue>5</maxValue>
      <units>SED</units>
      <decodeValues>
        <value>
          <num>0x00</num>
          <mnemonic>Undefined_window_position</mnemonic>
        </value>
        <value>
          <num>0x01</num>
          <mnemonic>Fully_closed_position</mnemonic>
        </value>
        <value>
          <num>0x02</num>
          <mnemonic>Between_fully_closed_and_10___op</mnemonic>
        </value>
        <value>
          <num>0x03</num>
          <mnemonic>Between_10___open_and_60___open</mnemonic>
        </value>
        <value>
          <num>0x04</num>
          <mnemonic>Between_60___open_and_fully_open</mnemonic>
        </value>
        <value>
          <num>0x05</num>
          <mnemonic>Fully_open_position</mnemonic>
        </value>
      </decodeValues>
    </vde>
  </vdGroup>

  <vdGroup>
    <name>AJARSTATUS</name>
    <msgID>27818</msgID>
    <minInterval>0</minInterval>
    <vde>
      <name>AJARSTATUS</name>
      <startBitOffset>31</startBitOffset>
      <bitSize>1</bitSize>
      <resolution>1.0</resolution>
      <valueOffset>0</valueOffset>
      <minValue>0</minValue>
      <maxValue>1</maxValue>
      <units>SED</units>
      <decodeValues>
        <value>
          <num>0x00</num>
          <mnemonic>Closed</mnemonic>
        </value>
        <value>
          <num>0x01</num>
          <mnemonic>Ajar</mnemonic>
        </value>
      </decodeValues>
    </vde>
  </vdGroup>

  <!-- START HECDateTime fields -->
  <vdGroup>
    <name>GLBLCLKYR_NO_ACTL</name>
    <msgID>1131</msgID>
    <minInterval>0</minInterval>
    <vde>
      <name>GLBLCLKYR_NO_ACTL</name>
      <startBitOffset>24</startBitOffset>
      <bitSize>8</bitSize>
      <resolution>1.0</resolution>
      <valueOffset>2000</valueOffset>
      <minValue>0</minValue>
      <maxValue>2255</maxValue>
      <units>Year</units>
    </vde>
  </vdGroup>

  <!-- FOLLOWING FIELD IS IN PROTO FILE, BUT DOES NOT ACTUALLY EXIST IN DBC FILE (because there is no month for Julian dates,
       and this field's owning message - HECDateTime - is a Julian date)
  <vdGroup>
    <name>MONTH</name>
    <msgID>1132</msgID>
    <minInterval>0</minInterval>
    <vde>
      <name>MONTH</name>
      <startBitOffset>31</startBitOffset>
      <bitSize>1</bitSize>
      <resolution>1.0</resolution>
      <valueOffset>0</valueOffset>
      <minValue>0</minValue>
      <maxValue>1</maxValue>
    </vde>
  </vdGroup>
  -->

  <vdGroup>
    <name>GLBLCLKDAY_NO_ACTL</name>
    <msgID>1133</msgID>
    <minInterval>0</minInterval>
    <vde>
      <name>GLBLCLKDAY_NO_ACTL</name>
      <startBitOffset>16</startBitOffset>
      <bitSize>16</bitSize>
      <resolution>1.0</resolution>
      <valueOffset>0</valueOffset>
      <minValue>0</minValue>
      <maxValue>65535</maxValue>
      <units>julian day</units>
    </vde>
  </vdGroup>

  <vdGroup>
    <name>GLBLCLKHR_NO_ACTL</name>
    <msgID>1134</msgID>
    <minInterval>0</minInterval>
    <vde>
      <name>GLBLCLKHR_NO_ACTL</name>
      <startBitOffset>24</startBitOffset>
      <bitSize>8</bitSize>
      <resolution>1.0</resolution>
      <valueOffset>0</valueOffset>
      <minValue>0</minValue>
      <maxValue>255</maxValue>
      <units>hour</units>
    </vde>
  </vdGroup>

  <vdGroup>
    <name>GLBLCLKMNTE_NO_ACTL</name>
    <msgID>1135</msgID>
    <minInterval>0</minInterval>
    <vde>
      <name>GLBLCLKMNTE_NO_ACTL</name>
      <startBitOffset>24</startBitOffset>
      <bitSize>8</bitSize>
      <resolution>1.0</resolution>
      <valueOffset>0</valueOffset>
      <minValue>0</minValue>
      <maxValue>255</maxValue>
      <units>minute</units>
    </vde>
  </vdGroup>

  <vdGroup>
    <name>GLBLCLKSCND_NO_ACTL</name>
    <msgID>1135</msgID>
    <minInterval>0</minInterval>
    <vde>
      <name>GLBLCLKSCND_NO_ACTL</name>
      <startBitOffset>24</startBitOffset>
      <bitSize>8</bitSize>
      <resolution>1.0</resolution>
      <valueOffset>0</valueOffset>
      <minValue>0</minValue>
      <maxValue>255</maxValue>
      <units>second</units>
    </vde>
  </vdGroup>
  <!-- END HECDateTime fields -->
  
</vdeMap>