<?xml version="1.0" encoding="utf-8"?>
<platform-client-descriptor uid="396" version="1.0.0">
  <fci-clients>
    <fci-client id="ROCKETSETUP">
      <ftcp-commands>
        <command id="PublishProfilePreferencesCommand"/>
        <command id="PublishBLEAutoPairKeyCommand"/>
      </ftcp-commands>
    </fci-client>
  </fci-clients>
  <soa-permissions>
    <soa-consumer-permissions>
      <endpoint>SERVICES/RESPONSE/FNV/SYNC/ROCKETSETUP/CONSUMER</endpoint>
      <soa-service-requests>
        <soa-service-group-request group-id="FNV_ECG_FCI"/>
      </soa-service-requests>
    </soa-consumer-permissions>
  </soa-permissions>
</platform-client-descriptor>
